tx_seq,block_time,block_number,tx_index,tx_hash,tx_from,tx_to,axie_from,axie_to,axie_token_id,axie_transfer_count,event_kind,accesses_marketplace_hotspot,operation_class
1,2021-10-01 00:00:00.000 UTC,7.158073e+06,5,0xac40bd88685926e74d41ea9c99b5ae7a7dc8c2ddf55db0e2468140594b7a28ad,0xf4871572e23d340e7bac76b9b9973d9af4b862ea,0x32950db2a7164ae833121501c797d79e7b79d74c,0xf4871572e23d340e7bac76b9b9973d9af4b862ea,0xb0aa09d37be47e647b7020e47b826093cfdc7e96,5329953,1,transfer,false,direct_or_other_transfer
2,2021-10-01 00:00:00.000 UTC,7.158073e+06,14,0x3d165f89908af991da478c7de09925a8d5688b6f6afc270d4e61ad2224c72f80,0xab9d9cf7f4b53568e6d5080c1071586ca91deb53,0x32950db2a7164ae833121501c797d79e7b79d74c,0xab9d9cf7f4b53568e6d5080c1071586ca91deb53,0xcceea02905dbe9654555b7f5376087c947273ec6,158433,1,transfer,false,direct_or_other_transfer
3,2021-10-01 00:00:00.000 UTC,7.158073e+06,21,0x112df490efc46082bf012657bd6ad772d76d56f08c4feb9b1417026439dd1a09,0xc0c39869a97fd14501311d8388735c42ade98977,0x32950db2a7164ae833121501c797d79e7b79d74c,0xc0c39869a97fd14501311d8388735c42ade98977,0xfe6d187bd237f540de9d6435a1bfcfe72f29f45f,1985050,1,transfer,false,direct_or_other_transfer
4,2021-10-01 00:00:00.000 UTC,7.158073e+06,22,0xba4e0a4385ffb49404ba78e4978523cfc027d55aaefbf598edd9d592dd2592b6,0x59ad367f4bc4c4bbb98bb1d05c2a58ae2fe5ac8d,0x213073989821f738a7ba3520c3d31a1f9ad31bbd,0x9a85a6473e5193432d255a1c9a88a030409b1bb6,0x59ad367f4bc4c4bbb98bb1d05c2a58ae2fe5ac8d,6677028,1,transfer,true,marketplace
5,2021-10-01 00:00:00.000 UTC,7.158073e+06,24,0xa844236ccade1c3f6b74749515281f7257bd4424ecc174256de103779806723d,0x645fc92a698121e5af49cd55da563b2ee598edaf,0x32950db2a7164ae833121501c797d79e7b79d74c,0x645fc92a698121e5af49cd55da563b2ee598edaf,0x491c4036203ee8ed0c8791a81b41cadf27e20233,5461584,1,transfer,false,direct_or_other_transfer
6,2021-10-01 00:00:00.000 UTC,7.158073e+06,28,0x4332a752684319342fb2364f39639d69cb0778c90857134ceb8d8cac4c41344c,0x0baedec851e3efb367fbf47810580c36332116ff,0x213073989821f738a7ba3520c3d31a1f9ad31bbd,0x6abc2518528f4b1e96852f45cd287241126a9f96,0x0baedec851e3efb367fbf47810580c36332116ff,6365899,1,transfer,true,marketplace
7,2021-10-01 00:00:00.000 UTC,7.158073e+06,30,0xebb5215990068c6bd36710e20eaeb8bebb5cea39d12b2e5e84954ab6e0f1fc32,0x701a9635df3760cf4526ba13e2e21f32445e81fd,0x32950db2a7164ae833121501c797d79e7b79d74c,0x701a9635df3760cf4526ba13e2e21f32445e81fd,0x240e110e0ab2fdb3a7a2a589a9ebb76ee69b1b9c,6607727,1,transfer,false,direct_or_other_transfer
8,2021-10-01 00:00:00.000 UTC,7.158073e+06,34,0x3bbca98623eb593c94c71b4d0d60ce082689570e6eb6d2f926e5ceace9e3d296,0x9c0a464e0f9e1ca2df9b903f67b7cb5351ee77b7,0x32950db2a7164ae833121501c797d79e7b79d74c,0x0000000000000000000000000000000000000000,0x9c0a464e0f9e1ca2df9b903f67b7cb5351ee77b7,7016476,1,mint,false,mint_candidate
9,2021-10-01 00:00:00.000 UTC,7.158073e+06,40,0xa309866aa6b6cfda63e8683d8d782ce9bcb55916383f53dee8a05a4073d153f9,0xe47cf41f2e05e7430fe3353c68a8c38376bd6275,0x32950db2a7164ae833121501c797d79e7b79d74c,0x0000000000000000000000000000000000000000,0xe47cf41f2e05e7430fe3353c68a8c38376bd6275,7016477,1,mint,false,mint_candidate
10,2021-10-01 00:00:00.000 UTC,7.158073e+06,41,0x51ed2cd612e4e53f829a376f20f8dc858de4fc3e3ec63fdc589b3c0ba0fa8d81,0x6e9f025d7f869344b808304e9f228db4ae269eae,0x32950db2a7164ae833121501c797d79e7b79d74c,0x6e9f025d7f869344b808304e9f228db4ae269eae,0xc6cd98d70faa0f6da339f557123387849e7b6c6c,4267156,1,transfer,false,direct_or_other_transfer
11,2021-10-01 00:00:00.000 UTC,7.158073e+06,55,0xea048df394eef78a5b8aaec45f63dfa1c78362f9d4b0f73ececd63899b15b9eb,0xacb65681011e96042b58eedfbc8126054bb48135,0x213073989821f738a7ba3520c3d31a1f9ad31bbd,0xc1e93ee3e14f020a4f2d548475e5b534d5344146,0xacb65681011e96042b58eedfbc8126054bb48135,4347827,1,transfer,true,marketplace
12,2021-10-01 00:00:00.000 UTC,7.158073e+06,81,0x6a6486b7f13909ddf4f02f1190464b69bfefe88fb4f1571c89e79388e0f1f9bb,0x865a06f8050f82532ea51a80b2d91fce58ee65a4,0x32950db2a7164ae833121501c797d79e7b79d74c,0x865a06f8050f82532ea51a80b2d91fce58ee65a4,0x540702bdbd570a8bfe21ab91ef93a010e37523c7,809695,1,transfer,false,direct_or_other_transfer
13,2021-10-01 00:00:03.000 UTC,7.158074e+06,3,0x17076fc37fd1c9edc0d453df88d6cbf5fc86bcfbb9c133892d9113127712f6f4,0xa4a152d386d37525c986ebe01a3cb8b2529f029f,0x32950db2a7164ae833121501c797d79e7b79d74c,0xa4a152d386d37525c986ebe01a3cb8b2529f029f,0xadf7b3697f3350f44287e1074d01593c6321d7d3,5059187,1,transfer,false,direct_or_other_transfer
14,2021-10-01 00:00:03.000 UTC,7.158074e+06,4,0xa1a259b287eed66a7741dee235d945c72097adfea7abe2c9b50dc9986bf4c6a7,0x9a16a81e64260e131423d79641663cdc5ac491e7,0x32950db2a7164ae833121501c797d79e7b79d74c,0x9a16a81e64260e131423d79641663cdc5ac491e7,0xf0f60685883d5cad5a06c33bffb847b21e5e45d5,5798862,1,transfer,false,direct_or_other_transfer
15,2021-10-01 00:00:03.000 UTC,7.158074e+06,5,0x73bb45eecf6101169bc5af30d18ede3ec41a46c4b93614ab750455feddca66fa,0xde548beb67359de2de558f06482a11a34c0d5b27,0x32950db2a7164ae833121501c797d79e7b79d74c,0xde548beb67359de2de558f06482a11a34c0d5b27,0xeaef7c6eb5a03186393073d5ab137d793d154fcd,2689060,1,transfer,false,direct_or_other_transfer
16,2021-10-01 00:00:03.000 UTC,7.158074e+06,7,0xc16143f4261f4134284d485b6ca9d94168a5653b411ef77fe680dbd3e19ceb36,0xf30776b7c2a9ea00872d4ba9270b5898f6eea7cf,0x32950db2a7164ae833121501c797d79e7b79d74c,0xf30776b7c2a9ea00872d4ba9270b5898f6eea7cf,0x9c28ed0ee3348b0dc018cc198d866d12917ce298,643764,1,transfer,false,direct_or_other_transfer
17,2021-10-01 00:00:21.000 UTC,7.15808e+06,8,0x5ac1a2517bc2ef0b7ec206efc28d2a6eca03204218bb64b162e436722a2bddc2,0xca5669398447cb88b16794fbfc2c0afc567caf9d,0x32950db2a7164ae833121501c797d79e7b79d74c,0xca5669398447cb88b16794fbfc2c0afc567caf9d,0xd5446cfa0569f2e6bdcb5cb8739890531e49d870,5869100,1,transfer,false,direct_or_other_transfer
18,2021-10-01 00:00:21.000 UTC,7.15808e+06,18,0x4829b41bea21fde9e6759d43da6fe73aeef9b66f6fedd812a1c31624ea919789,0x8a9323d8c8dccf88b905ab7a0cb871cd3bee36c4,0x32950db2a7164ae833121501c797d79e7b79d74c,0x8a9323d8c8dccf88b905ab7a0cb871cd3bee36c4,0xff382c275bf455131cfceaab5e57ba9844c692af,5845234,1,transfer,false,direct_or_other_transfer
19,2021-10-01 00:00:21.000 UTC,7.15808e+06,23,0x8599241dfd6d51c3f953898c606acab5b1faf2063a573f74468ee8587741958a,0x0051463893d80bd2de2dd31f6a74edac96441de5,0x32950db2a7164ae833121501c797d79e7b79d74c,0x0051463893d80bd2de2dd31f6a74edac96441de5,0xabb8c64558e56b007add760c3339e33dee113a43,6079036,1,transfer,false,direct_or_other_transfer
20,2021-10-01 00:00:21.000 UTC,7.15808e+06,34,0xd223df183156fcf5ec36e1380a91a92f9a5c50c545b0b31519ee09b21f3d08f7,0x07831b5b2d272052a07adb917502a31414cf8cc0,0x32950db2a7164ae833121501c797d79e7b79d74c,0x07831b5b2d272052a07adb917502a31414cf8cc0,0x220bb94eb1bdb820f650072c58c401f1c1a25e29,6562318,1,transfer,false,direct_or_other_transfer
21,2021-10-01 00:00:21.000 UTC,7.15808e+06,36,0x1bd946705ea75d76f53e27a907f2ffd9d7cac55e33d8283fb5d58663f2a00f67,0xe2fca87968609bdf8b7ad6eaaa8fa148da41f73f,0x32950db2a7164ae833121501c797d79e7b79d74c,0xe2fca87968609bdf8b7ad6eaaa8fa148da41f73f,0xb8694d3b8f93e6c4f0634a4d10c81ec0e1c74794,6110557,1,transfer,false,direct_or_other_transfer
22,2021-10-01 00:00:21.000 UTC,7.15808e+06,40,0xf07c5c1c3481dfd49415212485ccf688092df4ebf1d2efa2252d91b8d0c957d9,0x95f6b9fc491597f8a8673d21acbea61b50b1fa9d,0x32950db2a7164ae833121501c797d79e7b79d74c,0x95f6b9fc491597f8a8673d21acbea61b50b1fa9d,0xc322a85bdb36640c7f7ce3546d01e6a04dd587bf,4180757,1,transfer,false,direct_or_other_transfer
23,2021-10-01 00:00:21.000 UTC,7.15808e+06,46,0x213c5e8bce4bd3da6c7b252d333e3124382d09d8aeed16e7458620559d4d145e,0x1d04ce0b2255a108c61c75e4ec88be53fdde4225,0x32950db2a7164ae833121501c797d79e7b79d74c,0x1d04ce0b2255a108c61c75e4ec88be53fdde4225,0xaf7b3b3df7be2550e858b08df941027592f41b13,5901355,1,transfer,false,direct_or_other_transfer
24,2021-10-01 00:00:21.000 UTC,7.15808e+06,48,0x03e4f8f8e09fcca8bf4a3e5560782d9b2a8fba0557d6ee5692860e3006834558,0x8567edf00b0e0e7356bc2d032e4660fd666d402c,0x32950db2a7164ae833121501c797d79e7b79d74c,0x8567edf00b0e0e7356bc2d032e4660fd666d402c,0x6e34feb7f8ef4e033443957f764ce0d0ec4faa3d,2886568,1,transfer,false,direct_or_other_transfer
25,2021-10-01 00:00:21.000 UTC,7.15808e+06,49,0x4bbff178dec01e7d108cf5f5b778c21a7342d079acc5d7969a42a790a5f7b16a,0x6e9f025d7f869344b808304e9f228db4ae269eae,0x32950db2a7164ae833121501c797d79e7b79d74c,0x6e9f025d7f869344b808304e9f228db4ae269eae,0xc6cd98d70faa0f6da339f557123387849e7b6c6c,404637,1,transfer,false,direct_or_other_transfer
26,2021-10-01 00:00:21.000 UTC,7.15808e+06,50,0xfc24d868ad870e50ef519f56ee48e665d5f39b1b038b53b5ffa7fb9c2f9a48f2,0x95f6b9fc491597f8a8673d21acbea61b50b1fa9d,0x32950db2a7164ae833121501c797d79e7b79d74c,0x95f6b9fc491597f8a8673d21acbea61b50b1fa9d,0xc322a85bdb36640c7f7ce3546d01e6a04dd587bf,2926536,1,transfer,false,direct_or_other_transfer
27,2021-10-01 00:00:21.000 UTC,7.15808e+06,53,0xd040ab210ca05ef917be4a9a60bd2039c1df44c2805e6c3ecc54affbe2a5d17d,0x95f6b9fc491597f8a8673d21acbea61b50b1fa9d,0x32950db2a7164ae833121501c797d79e7b79d74c,0x95f6b9fc491597f8a8673d21acbea61b50b1fa9d,0xc322a85bdb36640c7f7ce3546d01e6a04dd587bf,3486197,1,transfer,false,direct_or_other_transfer
28,2021-10-01 00:00:21.000 UTC,7.15808e+06,83,0x1571d4d8835a454fe160dc3d6dca22a8b52b7d5b54cb6e6c9bc2faed029fcb7d,0x55bc728293850723b6cd7ecdbd51d71b745ac8c3,0x32950db2a7164ae833121501c797d79e7b79d74c,0x55bc728293850723b6cd7ecdbd51d71b745ac8c3,0x33182816fcb12cb73473cb3f4105afd25d3eba77,6428663,1,transfer,false,direct_or_other_transfer
29,2021-10-01 00:00:21.000 UTC,7.15808e+06,87,0xc8ea6a6b5ae82b71235a5f0a4f0823e08cc678728c1044b7f28d009f36814550,0x8a9323d8c8dccf88b905ab7a0cb871cd3bee36c4,0x32950db2a7164ae833121501c797d79e7b79d74c,0x8a9323d8c8dccf88b905ab7a0cb871cd3bee36c4,0xff382c275bf455131cfceaab5e57ba9844c692af,5845330,1,transfer,false,direct_or_other_transfer
30,2021-10-01 00:00:21.000 UTC,7.15808e+06,88,0x8572164b7c8f7cd76a322515a2ff14789181f65f4375be9e847bc41a3b33ba28,0xae0bf2189fcc7c51c677a3f7f0bba1966c8cb753,0x32950db2a7164ae833121501c797d79e7b79d74c,0xae0bf2189fcc7c51c677a3f7f0bba1966c8cb753,0xc525583e303358d4ccadb0f8eef6d8b718a0be88,5500669,1,transfer,false,direct_or_other_transfer
31,2021-10-01 00:00:21.000 UTC,7.15808e+06,98,0x34a66438733b5fd1648bd701b3a3bd7da95e7740e383726de4b9f63d12ed0ec2,0xf4871572e23d340e7bac76b9b9973d9af4b862ea,0x32950db2a7164ae833121501c797d79e7b79d74c,0xf4871572e23d340e7bac76b9b9973d9af4b862ea,0xb0aa09d37be47e647b7020e47b826093cfdc7e96,5329660,1,transfer,false,direct_or_other_transfer
32,2021-10-01 00:00:24.000 UTC,7.158081e+06,17,0x4b7ac7347b28bfda52a536cea40d8b8e68243ddb300d68a8a8a250850f815d0a,0xd54cdeab34f4cf893b8e31a2f6270c0d267887ec,0x32950db2a7164ae833121501c797d79e7b79d74c,0xd54cdeab34f4cf893b8e31a2f6270c0d267887ec,0x671099901ebb682a3d94d1ec1d617ee25263efaf,6110346,1,transfer,false,direct_or_other_transfer
33,2021-10-01 00:00:24.000 UTC,7.158081e+06,21,0xe326fb196ba4975a549e45dff56096a42fe9866ae6ba56ce3eeda553f66e3ae6,0xa154673600c579e0ecc0cc113b0ddaf717285b15,0x32950db2a7164ae833121501c797d79e7b79d74c,0xa154673600c579e0ecc0cc113b0ddaf717285b15,0x403fadf3e4c13fa898c4b329b2404944e5198bdc,6070101,1,transfer,false,direct_or_other_transfer
34,2021-10-01 00:00:24.000 UTC,7.158081e+06,22,0x531402e49aa01398bb01ef143ee353f8941117f46f77a86045d075f3786d23d5,0xda9454ee34a257a0f85038984b7ac27d78d05848,0x32950db2a7164ae833121501c797d79e7b79d74c,0xda9454ee34a257a0f85038984b7ac27d78d05848,0xb6022b098215641d0efb36edfd1aa7e20ac15cac,5844824,1,transfer,false,direct_or_other_transfer
35,2021-10-01 00:00:24.000 UTC,7.158081e+06,23,0x32f1c342ca787a0a2857909e3211fceb49865842831705993e180a40540f8ce3,0xb52463749ee903e529b98a799bdb6fe73bd0cb34,0x32950db2a7164ae833121501c797d79e7b79d74c,0xb52463749ee903e529b98a799bdb6fe73bd0cb34,0x39bd7c6cf7f58edaa51d71820e991fe021abc1cf,2317758,1,transfer,false,direct_or_other_transfer
36,2021-10-01 00:00:24.000 UTC,7.158081e+06,24,0x4c363e57d93ad7e7269f0f4b60683ceea92a69367723cfeaaa88855bad483a00,0x506dca3b3c344b7e1970e3ddb1004fbf12e178c0,0x32950db2a7164ae833121501c797d79e7b79d74c,0x506dca3b3c344b7e1970e3ddb1004fbf12e178c0,0xcd87bffb55a4c36fa030dae3fbc278256d5ec6a8,909583,1,transfer,false,direct_or_other_transfer
37,2021-10-01 00:00:24.000 UTC,7.158081e+06,26,0x6a9603a056979fc2c8044413e1d17c852e1bcc47806a9316994c016d580d2cf7,0xd04a0fe222165a9fae26983b16c484c169863528,0x32950db2a7164ae833121501c797d79e7b79d74c,0xd04a0fe222165a9fae26983b16c484c169863528,0x7c7a1780aded29608057a4fa77e3dc2f92e909c0,6538977,1,transfer,false,direct_or_other_transfer
38,2021-10-01 00:00:24.000 UTC,7.158081e+06,28,0x5808f7e4a9f518a21df7ee59b6d9c317bc09689cb3d3c0b9439233a143b456fc,0x48e3f36ae75880cc218bec8b71aa1ab949d6c489,0x32950db2a7164ae833121501c797d79e7b79d74c,0x48e3f36ae75880cc218bec8b71aa1ab949d6c489,0xa05bfb703defdcd61a93b7e94ae0279cc475469f,2630308,1,transfer,false,direct_or_other_transfer
39,2021-10-01 00:00:24.000 UTC,7.158081e+06,29,0x94fce42b8b31542d8e2da4beb7fe2a25f13261bc7631e896503ca54e8b7e9de7,0xbb81767cf99e036af3d686542af5cd29217293b7,0x213073989821f738a7ba3520c3d31a1f9ad31bbd,0x26db9b24f95f8914041bcaf0b1b2e48a6d9a55f8,0xbb81767cf99e036af3d686542af5cd29217293b7,6276890,1,transfer,true,marketplace
40,2021-10-01 00:00:24.000 UTC,7.158081e+06,31,0xb2b24d5e0a8712979837e9ce1e4140a93578316dd0fd27bed5143fc4eabf6671,0xd54cdeab34f4cf893b8e31a2f6270c0d267887ec,0x32950db2a7164ae833121501c797d79e7b79d74c,0xd54cdeab34f4cf893b8e31a2f6270c0d267887ec,0x671099901ebb682a3d94d1ec1d617ee25263efaf,3612969,1,transfer,false,direct_or_other_transfer
41,2021-10-01 00:00:24.000 UTC,7.158081e+06,32,0x7e0f4960d1c2f5f460cb045b7d3d51fa85d17fa0b55595e35cc51af26bcca5d1,0xe2fca87968609bdf8b7ad6eaaa8fa148da41f73f,0x32950db2a7164ae833121501c797d79e7b79d74c,0xe2fca87968609bdf8b7ad6eaaa8fa148da41f73f,0xb8694d3b8f93e6c4f0634a4d10c81ec0e1c74794,5999371,1,transfer,false,direct_or_other_transfer
42,2021-10-01 00:00:24.000 UTC,7.158081e+06,34,0x1cb465e3f119f90c0112d73bcabab6d959964e0c24de943888de180d2ffa081d,0xa154673600c579e0ecc0cc113b0ddaf717285b15,0x32950db2a7164ae833121501c797d79e7b79d74c,0xa154673600c579e0ecc0cc113b0ddaf717285b15,0x403fadf3e4c13fa898c4b329b2404944e5198bdc,52192,1,transfer,false,direct_or_other_transfer
43,2021-10-01 00:00:24.000 UTC,7.158081e+06,35,0xddce28263bb8f91d899ae3cb76277e14d711eae54e34dc005a6137646b2edb4a,0x506dca3b3c344b7e1970e3ddb1004fbf12e178c0,0x32950db2a7164ae833121501c797d79e7b79d74c,0x506dca3b3c344b7e1970e3ddb1004fbf12e178c0,0xcd87bffb55a4c36fa030dae3fbc278256d5ec6a8,163470,1,transfer,false,direct_or_other_transfer
44,2021-10-01 00:00:24.000 UTC,7.158081e+06,39,0xe74494cfb6ffd85b56871708f466c802f8fe210ff3988a6ae26c175875d8fba3,0xe2fca87968609bdf8b7ad6eaaa8fa148da41f73f,0x32950db2a7164ae833121501c797d79e7b79d74c,0xe2fca87968609bdf8b7ad6eaaa8fa148da41f73f,0xb8694d3b8f93e6c4f0634a4d10c81ec0e1c74794,3724219,1,transfer,false,direct_or_other_transfer
45,2021-10-01 00:00:24.000 UTC,7.158081e+06,40,0x97875f4af92a8655546cfe67569402e71c7341b3a32b1b5d1b195c678d37816e,0xd0f3897cbb4fd30a25e857a9fd9fdf16d6935487,0x32950db2a7164ae833121501c797d79e7b79d74c,0xd0f3897cbb4fd30a25e857a9fd9fdf16d6935487,0xa9b2f6251139b7818baa372798f88315ca59ca88,5251564,1,transfer,false,direct_or_other_transfer
46,2021-10-01 00:00:24.000 UTC,7.158081e+06,41,0x032567f8845f679e0f607a5780c393cd416f8147c35e8cee88e01d1fe0635230,0xa154673600c579e0ecc0cc113b0ddaf717285b15,0x32950db2a7164ae833121501c797d79e7b79d74c,0xa154673600c579e0ecc0cc113b0ddaf717285b15,0x403fadf3e4c13fa898c4b329b2404944e5198bdc,3467134,1,transfer,false,direct_or_other_transfer
47,2021-10-01 00:00:24.000 UTC,7.158081e+06,43,0xea103c1cc74fbb2922515c41256cd64fa0ad7778439b006928a43a09c032667c,0xfb032d83df8d7c43b6bde6a6e88a5e10c2fa64c0,0x32950db2a7164ae833121501c797d79e7b79d74c,0xfb032d83df8d7c43b6bde6a6e88a5e10c2fa64c0,0xe8090c84e1f52c9231a69c39699553979a07e1ea,6640918,1,transfer,false,direct_or_other_transfer
48,2021-10-01 00:00:24.000 UTC,7.158081e+06,45,0x2bfe87183402eda5a1e0dd86ad5922c1202a342184e38050297a5120a2729102,0x865a06f8050f82532ea51a80b2d91fce58ee65a4,0x32950db2a7164ae833121501c797d79e7b79d74c,0x865a06f8050f82532ea51a80b2d91fce58ee65a4,0x540702bdbd570a8bfe21ab91ef93a010e37523c7,917829,1,transfer,false,direct_or_other_transfer
49,2021-10-01 00:00:24.000 UTC,7.158081e+06,50,0x33251042a1fc15bccff6d4722233142555e37485ab8ef303646a6e6dc8185dbd,0x7fbfb7add639012bad5b7a5cb5fbff76575a6cdc,0x32950db2a7164ae833121501c797d79e7b79d74c,0x0000000000000000000000000000000000000000,0x7fbfb7add639012bad5b7a5cb5fbff76575a6cdc,7016478,1,mint,false,mint_candidate
50,2021-10-01 00:00:24.000 UTC,7.158081e+06,54,0xacad44f1e60ba4b3b8685eaede0ef94d83be36cbb62ef794442283b5405d77f4,0x88c84a10ccc18e9f037420b218ba90348b255d88,0x213073989821f738a7ba3520c3d31a1f9ad31bbd,0x9c8da02a86571acd6def3bafd59e021f43f1d144,0x88c84a10ccc18e9f037420b218ba90348b255d88,6505956,1,transfer,true,marketplace
51,2021-10-01 00:00:24.000 UTC,7.158081e+06,85,0x923a3e7437ead3def8eddc82b3a287f7845e2ee378f00a90ccb45274b29c1610,0x61a94338b07dd5a850818cc316009717f958fa67,0x213073989821f738a7ba3520c3d31a1f9ad31bbd,0x8377eff6a4f48e5828b08d9ce254e4596626a707,0x61a94338b07dd5a850818cc316009717f958fa67,6637003,1,transfer,true,marketplace
52,2021-10-01 00:00:24.000 UTC,7.158081e+06,89,0xff75c60fd568709988f395ee166f8be519e3de8faa02a9266c89788d8bb31741,0x472fdc4ce18c12baffd9d65e7d6d876dac6f7831,0x32950db2a7164ae833121501c797d79e7b79d74c,0x472fdc4ce18c12baffd9d65e7d6d876dac6f7831,0xa4cf41dc0a70a10d2ebcbb574dde2724ff92b8a3,1418119,1,transfer,false,direct_or_other_transfer
53,2021-10-01 00:00:27.000 UTC,7.158082e+06,9,0x97b2e90bc680efc4191a6c09cd2a05da7fc4b4f47bc7d9fba7403aa348320924,0x5f1e6c5385c100f21e911b810f42a19430be79de,0x32950db2a7164ae833121501c797d79e7b79d74c,0x5f1e6c5385c100f21e911b810f42a19430be79de,0x14dc5d8ce6c20f58bc62cca9ed1460d8ec01b034,6372931,1,transfer,false,direct_or_other_transfer
54,2021-10-01 00:00:27.000 UTC,7.158082e+06,11,0xe4b2684bc94540889088f795116253da9b7938a26d7418b703e79fe0e270f9c8,0xc1dcfeb66b38f635b00e3e952971aae42d352521,0x32950db2a7164ae833121501c797d79e7b79d74c,0xc1dcfeb66b38f635b00e3e952971aae42d352521,0x179644bd8794bc7cd33124fb790f48091e901620,6372975,1,transfer,false,direct_or_other_transfer
55,2021-10-01 00:00:27.000 UTC,7.158082e+06,14,0x8d88c7f4b6709d1dada02ba3a02efb0db00b86f01de63c4c8686eb3e91f7bf21,0x4d7c4c264f1fb90f036dff90b91127931b317221,0x32950db2a7164ae833121501c797d79e7b79d74c,0x4d7c4c264f1fb90f036dff90b91127931b317221,0x4c9b7aaa5281bcd305fb2946a6599df90b0ca8c1,6425486,1,transfer,false,direct_or_other_transfer
56,2021-10-01 00:00:27.000 UTC,7.158082e+06,15,0xb26fdd6fbe0c278d1f48b2154fffcf561573dcace8ce3ad4f1ca0084a5e5d8bc,0x7e7d394c9b62e18b2ac4eb1a1f2f4577a693983b,0x32950db2a7164ae833121501c797d79e7b79d74c,0x7e7d394c9b62e18b2ac4eb1a1f2f4577a693983b,0x5e51c74c5791d45a041c35c0a7901255808335cc,2976738,1,transfer,false,direct_or_other_transfer
57,2021-10-01 00:00:27.000 UTC,7.158082e+06,16,0x6eb9a8480cc0cf797948779ddd71c3e4be9097a49c7e54f88bb07c8f23b466ff,0x20c0fb82523ec9010bdcd427c5e1c2f8d11ba964,0x32950db2a7164ae833121501c797d79e7b79d74c,0x20c0fb82523ec9010bdcd427c5e1c2f8d11ba964,0x4e803cb6521c9071ed18f8ec8fc4c0ab5e4e76c5,83952,1,transfer,false,direct_or_other_transfer
58,2021-10-01 00:00:27.000 UTC,7.158082e+06,18,0x57b722a86db8312498ff284882af1ca69c2c7dd12c9048d685f5f3c9bc42625b,0x005fa7a01ec3bb042226afcc2b4ff371bf812058,0x32950db2a7164ae833121501c797d79e7b79d74c,0x005fa7a01ec3bb042226afcc2b4ff371bf812058,0xb90afce5d55adeef32aff77e36cbc3e5c405dfca,706199,1,transfer,false,direct_or_other_transfer
59,2021-10-01 00:00:27.000 UTC,7.158082e+06,20,0x9d5591a91071a5bbd13ba27ea6238bf6eb7e607df44c8e5c3fcd5f10419abae7,0xc1dcfeb66b38f635b00e3e952971aae42d352521,0x32950db2a7164ae833121501c797d79e7b79d74c,0xc1dcfeb66b38f635b00e3e952971aae42d352521,0x179644bd8794bc7cd33124fb790f48091e901620,6335649,1,transfer,false,direct_or_other_transfer
60,2021-10-01 00:00:27.000 UTC,7.158082e+06,26,0x31727edd8931f06579b6c0de2f8b719fb1054aee0a74cd3376875514584cf1ae,0xda9454ee34a257a0f85038984b7ac27d78d05848,0x32950db2a7164ae833121501c797d79e7b79d74c,0xda9454ee34a257a0f85038984b7ac27d78d05848,0xb6022b098215641d0efb36edfd1aa7e20ac15cac,2571231,1,transfer,false,direct_or_other_transfer
61,2021-10-01 00:00:27.000 UTC,7.158082e+06,27,0x4a7abd2bbf0898ac5e8877d2490c136c871d11953d9a57833b68667907643b51,0x005fa7a01ec3bb042226afcc2b4ff371bf812058,0x32950db2a7164ae833121501c797d79e7b79d74c,0x005fa7a01ec3bb042226afcc2b4ff371bf812058,0xb90afce5d55adeef32aff77e36cbc3e5c405dfca,348756,1,transfer,false,direct_or_other_transfer
62,2021-10-01 00:00:27.000 UTC,7.158082e+06,31,0x4897ddc0962fc1c916419f01a472ce06868d394cfca0e6e190ae25bc8696bc83,0x48e3f36ae75880cc218bec8b71aa1ab949d6c489,0x32950db2a7164ae833121501c797d79e7b79d74c,0x48e3f36ae75880cc218bec8b71aa1ab949d6c489,0xa05bfb703defdcd61a93b7e94ae0279cc475469f,1918634,1,transfer,false,direct_or_other_transfer
63,2021-10-01 00:00:27.000 UTC,7.158082e+06,32,0xa6b4ffdd04a86237fed3f3219968c2b98374a15295a76e43d0097adec8214277,0xd54cdeab34f4cf893b8e31a2f6270c0d267887ec,0x32950db2a7164ae833121501c797d79e7b79d74c,0xd54cdeab34f4cf893b8e31a2f6270c0d267887ec,0x671099901ebb682a3d94d1ec1d617ee25263efaf,5277760,1,transfer,false,direct_or_other_transfer
64,2021-10-01 00:00:27.000 UTC,7.158082e+06,37,0x4999e2293350d20f17b0ab189d5846a05de752c6fdccfdb032d8c6d2fb4bdc89,0x005fa7a01ec3bb042226afcc2b4ff371bf812058,0x32950db2a7164ae833121501c797d79e7b79d74c,0x005fa7a01ec3bb042226afcc2b4ff371bf812058,0xb90afce5d55adeef32aff77e36cbc3e5c405dfca,561414,1,transfer,false,direct_or_other_transfer
65,2021-10-01 00:00:27.000 UTC,7.158082e+06,38,0xadf6d7a2bfdfec44d3f0b40aa122d135801e1ed201a8c395a596df32197e7073,0x48e3f36ae75880cc218bec8b71aa1ab949d6c489,0x32950db2a7164ae833121501c797d79e7b79d74c,0x48e3f36ae75880cc218bec8b71aa1ab949d6c489,0xa05bfb703defdcd61a93b7e94ae0279cc475469f,1508550,1,transfer,false,direct_or_other_transfer
66,2021-10-01 00:00:27.000 UTC,7.158082e+06,52,0x201ddf139eec700486f6b304adeba6af9556c33bc0fae277c51c7c902aca5a9c,0x89371888d37cecf18533b71dbed87c66993bf27e,0x32950db2a7164ae833121501c797d79e7b79d74c,0x89371888d37cecf18533b71dbed87c66993bf27e,0x013ad53f28bf57969f6c0dde435a63ed08ac9d05,609125,1,transfer,false,direct_or_other_transfer
67,2021-10-01 00:00:27.000 UTC,7.158082e+06,63,0x73103b3719a6537be933a264a37a70b7f52c28606eec966f1add9df0a0c5d340,0x1d04ce0b2255a108c61c75e4ec88be53fdde4225,0x32950db2a7164ae833121501c797d79e7b79d74c,0x1d04ce0b2255a108c61c75e4ec88be53fdde4225,0xaf7b3b3df7be2550e858b08df941027592f41b13,5901244,1,transfer,false,direct_or_other_transfer
68,2021-10-01 00:00:27.000 UTC,7.158082e+06,81,0x86d7780c4fc2b57f5b9a60f65edbcee5948db17c8fc579d831f3a5dc1044f273,0x8567edf00b0e0e7356bc2d032e4660fd666d402c,0x32950db2a7164ae833121501c797d79e7b79d74c,0x8567edf00b0e0e7356bc2d032e4660fd666d402c,0x6e34feb7f8ef4e033443957f764ce0d0ec4faa3d,2708959,1,transfer,false,direct_or_other_transfer
69,2021-10-01 00:00:27.000 UTC,7.158082e+06,84,0x34db76c30e1e1514463c56d0860e78a179e30c5dafd8e43f1395c265eb886fc4,0x20efe1ed318ac8eb3b6c04ff2fd910cfb2774bbe,0x213073989821f738a7ba3520c3d31a1f9ad31bbd,0x6ad073484f74109c1f25cc24f59123593541b919,0x20efe1ed318ac8eb3b6c04ff2fd910cfb2774bbe,6684501,1,transfer,true,marketplace
70,2021-10-01 00:00:45.000 UTC,7.158088e+06,0,0x8aa17858ae1a5676fc04706be3babcd83baa40dbf5b0363bdeec85d9e1b4cb72,0x5f1e6c5385c100f21e911b810f42a19430be79de,0x32950db2a7164ae833121501c797d79e7b79d74c,0x5f1e6c5385c100f21e911b810f42a19430be79de,0x14dc5d8ce6c20f58bc62cca9ed1460d8ec01b034,6225168,1,transfer,false,direct_or_other_transfer
71,2021-10-01 00:00:45.000 UTC,7.158088e+06,1,0xaa98e22afb1cfd0253782aa9e3211999eabea36b3312a84fdeee329984470317,0xb52463749ee903e529b98a799bdb6fe73bd0cb34,0x32950db2a7164ae833121501c797d79e7b79d74c,0xb52463749ee903e529b98a799bdb6fe73bd0cb34,0x39bd7c6cf7f58edaa51d71820e991fe021abc1cf,1193486,1,transfer,false,direct_or_other_transfer
72,2021-10-01 00:00:45.000 UTC,7.158088e+06,2,0xdda712eedc0464c9858a768bf4abb8f9dbf660de5a25e2d4abde560e77a54de3,0x4d7c4c264f1fb90f036dff90b91127931b317221,0x32950db2a7164ae833121501c797d79e7b79d74c,0x4d7c4c264f1fb90f036dff90b91127931b317221,0x4c9b7aaa5281bcd305fb2946a6599df90b0ca8c1,5377220,1,transfer,false,direct_or_other_transfer
73,2021-10-01 00:00:45.000 UTC,7.158088e+06,3,0x08ac8044e3296f68d288bddafde0eecbee3153831278f850f34f52f1b4866531,0x20c0fb82523ec9010bdcd427c5e1c2f8d11ba964,0x32950db2a7164ae833121501c797d79e7b79d74c,0x20c0fb82523ec9010bdcd427c5e1c2f8d11ba964,0x4e803cb6521c9071ed18f8ec8fc4c0ab5e4e76c5,2495115,1,transfer,false,direct_or_other_transfer
74,2021-10-01 00:00:45.000 UTC,7.158088e+06,4,0x78fba6b9b63537b5adb009d2e6bd1f170960713eb1d34953f54abf0013ad12b0,0xc1dcfeb66b38f635b00e3e952971aae42d352521,0x32950db2a7164ae833121501c797d79e7b79d74c,0xc1dcfeb66b38f635b00e3e952971aae42d352521,0x179644bd8794bc7cd33124fb790f48091e901620,6364933,1,transfer,false,direct_or_other_transfer
75,2021-10-01 00:00:45.000 UTC,7.158088e+06,6,0xed3a1f61de3ead79098ac3b111e7ee31c4792ea687ff0da8d1b029fe2215b97d,0xd04a0fe222165a9fae26983b16c484c169863528,0x32950db2a7164ae833121501c797d79e7b79d74c,0xd04a0fe222165a9fae26983b16c484c169863528,0x7c7a1780aded29608057a4fa77e3dc2f92e909c0,6488888,1,transfer,false,direct_or_other_transfer
76,2021-10-01 00:00:45.000 UTC,7.158088e+06,7,0xb088322b01e250b554e3cf467bd69cc847e7db83464a498258f8d04bbf115a81,0xb52463749ee903e529b98a799bdb6fe73bd0cb34,0x32950db2a7164ae833121501c797d79e7b79d74c,0xb52463749ee903e529b98a799bdb6fe73bd0cb34,0x39bd7c6cf7f58edaa51d71820e991fe021abc1cf,1143460,1,transfer,false,direct_or_other_transfer
77,2021-10-01 00:00:45.000 UTC,7.158088e+06,8,0x78e4a9ab30d54535c8e47e9e4a590322fae84fb77b357a1b1cf725040afbed67,0x506dca3b3c344b7e1970e3ddb1004fbf12e178c0,0x32950db2a7164ae833121501c797d79e7b79d74c,0x506dca3b3c344b7e1970e3ddb1004fbf12e178c0,0xcd87bffb55a4c36fa030dae3fbc278256d5ec6a8,1786292,1,transfer,false,direct_or_other_transfer
78,2021-10-01 00:00:45.000 UTC,7.158088e+06,24,0xc4f9a4ab0458c6698d8d4cc3c3497ff03854709f607c14d4f9c594c98290df09,0xdbe12a992e9a40b9f0778822da1268b4224ae70d,0x32950db2a7164ae833121501c797d79e7b79d74c,0xdbe12a992e9a40b9f0778822da1268b4224ae70d,0x3b9e22374fd86ad117dd07417bd71611435833cd,93578,1,transfer,false,direct_or_other_transfer
79,2021-10-01 00:00:45.000 UTC,7.158088e+06,28,0x51d696ace2e439ea284159fc92d706395d7c44990e7bf8265cd2909c5a3302d6,0xbee94e030b3009ca9b16315d19779fc24ca015bf,0x213073989821f738a7ba3520c3d31a1f9ad31bbd,0x46ad23a004b85dd75e6aa78cc997ccf50ab69e23,0xbee94e030b3009ca9b16315d19779fc24ca015bf,6545104,1,transfer,true,marketplace
80,2021-10-01 00:00:45.000 UTC,7.158088e+06,40,0x2b92fdeafd81b7b37c238b722b0e11056a63cc297a705e02a0c8b7e884eb79c6,0x92d453bcf5e994b69a08b18bfe05030c5c62736c,0x32950db2a7164ae833121501c797d79e7b79d74c,0x92d453bcf5e994b69a08b18bfe05030c5c62736c,0x839e79dd4af45885e27d6f0053d5116073339fbe,4517558,1,transfer,false,direct_or_other_transfer
81,2021-10-01 00:00:45.000 UTC,7.158088e+06,56,0xb6728d95e31112897f35ce39c0df5a57804ef15ef0f0edcd9af0ee54cc944c83,0x6714054c2a311cce3ea08322cb23934f8a39c51c,0x32950db2a7164ae833121501c797d79e7b79d74c,0x6714054c2a311cce3ea08322cb23934f8a39c51c,0x6cc74452a7689a25651f60b683f9be9de29d9d9f,6133290,1,transfer,false,direct_or_other_transfer
82,2021-10-01 00:00:45.000 UTC,7.158088e+06,63,0x7d7adc37fef0acef30b9b5600776c3d5ef01e6b4d5d09569a3c805f1b2efcf3e,0x51c62d09ff41a3c1bf6390157125eab700e0a2aa,0x213073989821f738a7ba3520c3d31a1f9ad31bbd,0x5c78709203383472af4c551216f8372a0c2ba0fe,0x51c62d09ff41a3c1bf6390157125eab700e0a2aa,6493904,1,transfer,true,marketplace
83,2021-10-01 00:00:45.000 UTC,7.158088e+06,67,0xe52dc6429357c2a3a45e2b6ac76887336c3b7650196cf2b0cadc471b247e484f,0xd0f3897cbb4fd30a25e857a9fd9fdf16d6935487,0x32950db2a7164ae833121501c797d79e7b79d74c,0xd0f3897cbb4fd30a25e857a9fd9fdf16d6935487,0xa9b2f6251139b7818baa372798f88315ca59ca88,5251839,1,transfer,false,direct_or_other_transfer
84,2021-10-01 00:00:45.000 UTC,7.158088e+06,74,0x9590949a51e4d695dc99108e9a02c68c7d9f571a7188c048b9c5679c53fa07e9,0xebb8d15a2170774ed97c671bfa4bc37991e8befb,0x213073989821f738a7ba3520c3d31a1f9ad31bbd,0xcebe0fb5b462be69edfc466e8d3c5d0e4cf8d7a5,0xebb8d15a2170774ed97c671bfa4bc37991e8befb,1966249,1,transfer,true,marketplace
85,2021-10-01 00:00:48.000 UTC,7.158089e+06,1,0xaf31045b45e78b102bd333d7b07b2624cf34916ea6743619599e37da1f0e8a46,0x7e7d394c9b62e18b2ac4eb1a1f2f4577a693983b,0x32950db2a7164ae833121501c797d79e7b79d74c,0x7e7d394c9b62e18b2ac4eb1a1f2f4577a693983b,0x5e51c74c5791d45a041c35c0a7901255808335cc,2067599,1,transfer,false,direct_or_other_transfer
86,2021-10-01 00:00:48.000 UTC,7.158089e+06,2,0xc68a0a6dc9aad7c46d83c5cfd63a3693c62cc313e2d8e189778cac8351d3b91c,0x5f1e6c5385c100f21e911b810f42a19430be79de,0x32950db2a7164ae833121501c797d79e7b79d74c,0x5f1e6c5385c100f21e911b810f42a19430be79de,0x14dc5d8ce6c20f58bc62cca9ed1460d8ec01b034,6304670,1,transfer,false,direct_or_other_transfer
87,2021-10-01 00:00:48.000 UTC,7.158089e+06,3,0xf34350fdcda6e0ac0aff667be0e163f3f521ef4d46b12195f8b62b74833f9550,0xda9454ee34a257a0f85038984b7ac27d78d05848,0x32950db2a7164ae833121501c797d79e7b79d74c,0xda9454ee34a257a0f85038984b7ac27d78d05848,0xb6022b098215641d0efb36edfd1aa7e20ac15cac,5040576,1,transfer,false,direct_or_other_transfer
88,2021-10-01 00:00:48.000 UTC,7.158089e+06,4,0xe3d397bb26afff7561b7979e9f1ab654a1a53d5aabefb6395e0047e96c95101e,0x4d7c4c264f1fb90f036dff90b91127931b317221,0x32950db2a7164ae833121501c797d79e7b79d74c,0x4d7c4c264f1fb90f036dff90b91127931b317221,0x4c9b7aaa5281bcd305fb2946a6599df90b0ca8c1,6405237,1,transfer,false,direct_or_other_transfer
89,2021-10-01 00:00:48.000 UTC,7.158089e+06,19,0xe16a8055e1a30eed618fef362814239a56641de3f7091a4cf39ff3026161ea83,0xc3045c798e642ae28d889e73498e0ac57f1f19a2,0x32950db2a7164ae833121501c797d79e7b79d74c,0xc3045c798e642ae28d889e73498e0ac57f1f19a2,0xe0be6ec184ba3d70da2e344dedd6b2d2f93c9eb6,4140863,1,transfer,false,direct_or_other_transfer
90,2021-10-01 00:00:48.000 UTC,7.158089e+06,22,0x0d76071011f13fbe7e790109f7ae237323aba561b06a3fc9928e326188688d84,0xb487a4ca46d34c5d74e8f305ee3956d14f91b106,0x32950db2a7164ae833121501c797d79e7b79d74c,0xb487a4ca46d34c5d74e8f305ee3956d14f91b106,0xd881995d3668d21ef715804de6869efcfaaa99fa,6774601,1,transfer,false,direct_or_other_transfer
91,2021-10-01 00:00:48.000 UTC,7.158089e+06,26,0xac2e571a1f23ce613df464c150894a169a7984e2c3bfab58376da1790a9c4784,0x472fdc4ce18c12baffd9d65e7d6d876dac6f7831,0x32950db2a7164ae833121501c797d79e7b79d74c,0x472fdc4ce18c12baffd9d65e7d6d876dac6f7831,0xa4cf41dc0a70a10d2ebcbb574dde2724ff92b8a3,5647568,1,transfer,false,direct_or_other_transfer
92,2021-10-01 00:00:48.000 UTC,7.158089e+06,36,0xff60edd5636410193f3d2899500667c85381c0f606ac39f903617ca9bc31c53b,0x385fac5a5e16bc9abb98d47a583ab2a357889f7e,0x213073989821f738a7ba3520c3d31a1f9ad31bbd,0x7edfc1f388edc789a93e18f7b87fb3c0044e99ae,0x385fac5a5e16bc9abb98d47a583ab2a357889f7e,4834425,1,transfer,true,marketplace
93,2021-10-01 00:00:48.000 UTC,7.158089e+06,39,0xdb759d565ec7fc344c0ce34c93151c39b211cd958060a7857f3ffd8f8e731c0a,0x21ce9cbd59a547f54e61c7c8a2aa2581d3798074,0x32950db2a7164ae833121501c797d79e7b79d74c,0x21ce9cbd59a547f54e61c7c8a2aa2581d3798074,0x97f78c264265fad1bd53cdd96efee4ac64ddc263,874811,1,transfer,false,direct_or_other_transfer
94,2021-10-01 00:00:48.000 UTC,7.158089e+06,53,0x1432f6fc5ba54e2856b1c97324b37d57282af8f9fc4c2a8d343e3779e6f61c9d,0xc01ed0c440a95a75e022ba0137ddee20d1661608,0x213073989821f738a7ba3520c3d31a1f9ad31bbd,0xe525fc9d57cfa0c0ef2981b217458b4beb38662a,0xc01ed0c440a95a75e022ba0137ddee20d1661608,3403063,1,transfer,true,marketplace
95,2021-10-01 00:00:48.000 UTC,7.158089e+06,58,0x3203d592a5e1b67ea4ba3749ef9d72cb9bc75ca3940504db59af254014d4cf09,0xdb8db915512418e3d6270a471c98919f1ec5a626,0x32950db2a7164ae833121501c797d79e7b79d74c,0xdb8db915512418e3d6270a471c98919f1ec5a626,0x076e28a75c466c8f8d0fd1ce615b7122b6abdb96,4348542,1,transfer,false,direct_or_other_transfer
96,2021-10-01 00:00:48.000 UTC,7.158089e+06,64,0x0e698605e4ac917d73031f4cff7484ea11d7c10b1f79c27599b5efbd09286f21,0x3ac61a4940ad68b446606bbd4e1d749268178ff8,0x32950db2a7164ae833121501c797d79e7b79d74c,0x3ac61a4940ad68b446606bbd4e1d749268178ff8,0x75e95c6d930a3ecadad4186117543d70c8404744,5302485,1,transfer,false,direct_or_other_transfer
97,2021-10-01 00:00:51.000 UTC,7.15809e+06,0,0xccf3aedc401ab78f69ca95d6821790db466245f778d1a831779b43a8c74a1c22,0x20c0fb82523ec9010bdcd427c5e1c2f8d11ba964,0x32950db2a7164ae833121501c797d79e7b79d74c,0x20c0fb82523ec9010bdcd427c5e1c2f8d11ba964,0x4e803cb6521c9071ed18f8ec8fc4c0ab5e4e76c5,4008127,1,transfer,false,direct_or_other_transfer
98,2021-10-01 00:00:51.000 UTC,7.15809e+06,1,0x03bf876c6ddad2a8bcf3165d1d618983da8aca250e3191dd155e77788745976d,0x7e7d394c9b62e18b2ac4eb1a1f2f4577a693983b,0x32950db2a7164ae833121501c797d79e7b79d74c,0x7e7d394c9b62e18b2ac4eb1a1f2f4577a693983b,0x5e51c74c5791d45a041c35c0a7901255808335cc,1510109,1,transfer,false,direct_or_other_transfer
99,2021-10-01 00:00:51.000 UTC,7.15809e+06,2,0x2ca7885d91b06826ba7600fd03c61f47fb5783ac3f666799a48a786ecb87d393,0xd04a0fe222165a9fae26983b16c484c169863528,0x32950db2a7164ae833121501c797d79e7b79d74c,0xd04a0fe222165a9fae26983b16c484c169863528,0x7c7a1780aded29608057a4fa77e3dc2f92e909c0,6477324,1,transfer,false,direct_or_other_transfer
100,2021-10-01 00:00:51.000 UTC,7.15809e+06,19,0x94d6b2ad9e8fdc7840773f0fdb9d00e1502e9f81e8968838285b7f8e47f35419,0x0de400b97c76a9b7b7a018a28f31893ffccd172f,0x213073989821f738a7ba3520c3d31a1f9ad31bbd,0xcfa77f6713b884d02e0292f1af6841e1e3e8d6da,0x0de400b97c76a9b7b7a018a28f31893ffccd172f,2310091,1,transfer,true,marketplace
