schema_version,transaction_id,timestamp,sender_id,receiver_id,operation_type,state_keys,entry_function_id,write_key_count,provenance
mbe_workload_record_v1,820410290,2024-05-25 15:09:00.188,0xaecc7bd8d18fe7bcb94f768aea84fec3d477ddb7a7ab3cf5166f2aa5fd61b00a,0x7de3fea83cd5ca0e1def27c3f3803af619882db51f34abf30dd04ad12ee6af31,tapos_play,"[""0x2bbc8ae6606dce742173b3f0861e2973cc1deab08562b08d592f24e2dfe50812"",""0x48ae4c6acb675f24f81bbb7be0c52acf7a17f60e73060f5c6b169675ababf3fb"",""0x6e4b28d40f98a106a65163530924c0dcb40c1349d3aa915d108b4d6cfc1ddb19"",""0xad0d210ce13cf2f693b711c1721798c3215e4e9da16dd5c87442e772e8b45805"",""0xc06678f17b024cf7fcc32a17e9911b858f134b4a3ef869eb74304d6a5588037e""]",0x7de3fea83cd5ca0e1def27c3f3803af619882db51f34abf30dd04ad12ee6af31::tapos::play,5,aptos_aws_public_blockchain_sonarx
mbe_workload_record_v1,820410291,2024-05-25 15:09:00.188,0x574d18666f6e4a912c909b71f301264b2039520dde76352463562ce7c86bc37,0x7de3fea83cd5ca0e1def27c3f3803af619882db51f34abf30dd04ad12ee6af31,tapos_play,"[""0x48ae4c6acb675f24f81bbb7be0c52acf7a17f60e73060f5c6b169675ababf3fb"",""0x6e4b28d40f98a106a65163530924c0dcb40c1349d3aa915d108b4d6cfc1ddb19"",""0x898bef4438c604be11fd20e7344170fc1ca496d0b4ba94ddb5cb15292b643418"",""0xd407bbf9b5ab819ea0ec3e639d9fc8aeedde9d682aeeef017a3d325e6f1bc9d5"",""0xf1b8e1ff3615227b3c2ac655d5d52faefa084e5117b613c5f956ed4de66cc463""]",0x7de3fea83cd5ca0e1def27c3f3803af619882db51f34abf30dd04ad12ee6af31::tapos::play,5,aptos_aws_public_blockchain_sonarx
mbe_workload_record_v1,820410292,2024-05-25 15:09:00.188,0xe1bc21cbdb4b769f15849b9163452fdc0d8ec87fc616d8ee6065e34df933b10d,0x7de3fea83cd5ca0e1def27c3f3803af619882db51f34abf30dd04ad12ee6af31,tapos_play,"[""0x0e5955f3973a900d810d02310dd974ffc381c0c61e8e8c8cd0be7b9bf7bd42dc"",""0x1298c74d2de95a382d576c3a39c46a556ec97ee82ee0713638b7d2cf1ec4bdb6"",""0x48ae4c6acb675f24f81bbb7be0c52acf7a17f60e73060f5c6b169675ababf3fb"",""0x6e4b28d40f98a106a65163530924c0dcb40c1349d3aa915d108b4d6cfc1ddb19"",""0xd9d3d1a14865640cce03f8332ff3de996fdfc356f1d704fb3c034935b71009a9""]",0x7de3fea83cd5ca0e1def27c3f3803af619882db51f34abf30dd04ad12ee6af31::tapos::play,5,aptos_aws_public_blockchain_sonarx
mbe_workload_record_v1,820410293,2024-05-25 15:09:00.188,0x9cb94a43269d0621855fd48b8131338149bd38ba67935c15f4f86ea589c9ac61,0x7de3fea83cd5ca0e1def27c3f3803af619882db51f34abf30dd04ad12ee6af31,tapos_play,"[""0x2884dc0dfd2e89284cb0aadd3cbef0d01364aabd747db736f3644313c2dcf63c"",""0x48ae4c6acb675f24f81bbb7be0c52acf7a17f60e73060f5c6b169675ababf3fb"",""0x5f800d88944d0f9b48860a8bdc54231b76c23f7769293545789dfb084a96869f"",""0x6e4b28d40f98a106a65163530924c0dcb40c1349d3aa915d108b4d6cfc1ddb19"",""0x81eb8b5303552aaf133da4a57e9cfb287dd74f20265f3c7d750a498cb96c63f9""]",0x7de3fea83cd5ca0e1def27c3f3803af619882db51f34abf30dd04ad12ee6af31::tapos::play,5,aptos_aws_public_blockchain_sonarx
mbe_workload_record_v1,820410294,2024-05-25 15:09:00.188,0x138db66be677946120038401410196cf7f832c5d9c270f77d5282d8bc99c241a,0x7de3fea83cd5ca0e1def27c3f3803af619882db51f34abf30dd04ad12ee6af31,tapos_play,"[""0x48ae4c6acb675f24f81bbb7be0c52acf7a17f60e73060f5c6b169675ababf3fb"",""0x6e1e2fa2f0135e8f9f6fa6d9ad5f23a458cd4931103bf2ceba19ffed0b2c7603"",""0x6e4b28d40f98a106a65163530924c0dcb40c1349d3aa915d108b4d6cfc1ddb19"",""0xb51f165f5b6051444e53f1a7b55c53ffbe2fa0f6a1796bf65f9630fe0fb296aa"",""0xf08aae1c26458b9ee5694e5ee3bbcdcdd07a31c0d2ba167c8845bbc0bb8adf8f""]",0x7de3fea83cd5ca0e1def27c3f3803af619882db51f34abf30dd04ad12ee6af31::tapos::play,5,aptos_aws_public_blockchain_sonarx
mbe_workload_record_v1,820410295,2024-05-25 15:09:00.188,0x5ab5cdff1740446d33d5f2754196fc3792d664a7015a1633185b0b76ab1221d9,0x7de3fea83cd5ca0e1def27c3f3803af619882db51f34abf30dd04ad12ee6af31,tapos_play,"[""0x48ae4c6acb675f24f81bbb7be0c52acf7a17f60e73060f5c6b169675ababf3fb"",""0x4cca7a4a1cd5274767362fb3b36d595c68d21edf4bbfcc54af70fa03f41b5871"",""0x6e4b28d40f98a106a65163530924c0dcb40c1349d3aa915d108b4d6cfc1ddb19"",""0x8175b17d05256aea400dc3da482ade6552db2abc4998b2aaf0e8ca737cb34f30"",""0xeb54d6263fffef0403836aa8c2a0266c1291624d48c3686ab1083bcdb775b94d""]",0x7de3fea83cd5ca0e1def27c3f3803af619882db51f34abf30dd04ad12ee6af31::tapos::play,5,aptos_aws_public_blockchain_sonarx
mbe_workload_record_v1,820410296,2024-05-25 15:09:00.188,0x53c69b8db29e8917d2b1235dab703b2c1c3691fd49beb60037426790e76873b,0x7de3fea83cd5ca0e1def27c3f3803af619882db51f34abf30dd04ad12ee6af31,tapos_play,"[""0x48ae4c6acb675f24f81bbb7be0c52acf7a17f60e73060f5c6b169675ababf3fb"",""0x651e09c88cbdebeb4f3da74fb8d4dd6dda92c9944a4f0cba0a3e19223913faf5"",""0x6e4b28d40f98a106a65163530924c0dcb40c1349d3aa915d108b4d6cfc1ddb19"",""0xeda393ce7a8726edee43cf08f56ad5271b70f88ee1b8b6ce54144f9b427b09dc"",""0xf8bf104621d99eccd8a21e080ea7f3d414bc7179fe1eaa86d342210483302878""]",0x7de3fea83cd5ca0e1def27c3f3803af619882db51f34abf30dd04ad12ee6af31::tapos::play,5,aptos_aws_public_blockchain_sonarx
mbe_workload_record_v1,820410297,2024-05-25 15:09:00.188,0xddc32ed157b494c1b7ac8b64b5d308ced2d92b863a57d7ad7ad90c3cd6407fe7,0x7de3fea83cd5ca0e1def27c3f3803af619882db51f34abf30dd04ad12ee6af31,tapos_play,"[""0x29b548f193d8430b3f43b5111c93768153846b9e520f9075c61bfc97e928e047"",""0x421fb7b2e91a5a2aea1fda0ebc36e519d75f60b84e1100292fba7d93dae4eef1"",""0x48ae4c6acb675f24f81bbb7be0c52acf7a17f60e73060f5c6b169675ababf3fb"",""0x4aae6c1ce59b9001fb9d3d7619345a5f55cb516da0fc43232c354c5b4dbd730b"",""0x6e4b28d40f98a106a65163530924c0dcb40c1349d3aa915d108b4d6cfc1ddb19""]",0x7de3fea83cd5ca0e1def27c3f3803af619882db51f34abf30dd04ad12ee6af31::tapos::play,5,aptos_aws_public_blockchain_sonarx
mbe_workload_record_v1,820410298,2024-05-25 15:09:00.188,0x82408977bfea6d8d02581483d240c4c5a88bd3ff5718bae269f035e27ce2681b,0x7de3fea83cd5ca0e1def27c3f3803af619882db51f34abf30dd04ad12ee6af31,tapos_play,"[""0x0f35bac15d212165bad0340bb7f2ad182e79f53dfe78b569a2fbcfb322604a1e"",""0x47c7c4862447e3aea3e5f7ec26d4be565b39ceeb1d320d4763ce2791b0ae3615"",""0x48922339f5d1c8f4066feab7761d58c7f55c02c60e19528b8495d833db88140d"",""0x48ae4c6acb675f24f81bbb7be0c52acf7a17f60e73060f5c6b169675ababf3fb"",""0x6e4b28d40f98a106a65163530924c0dcb40c1349d3aa915d108b4d6cfc1ddb19""]",0x7de3fea83cd5ca0e1def27c3f3803af619882db51f34abf30dd04ad12ee6af31::tapos::play,5,aptos_aws_public_blockchain_sonarx
mbe_workload_record_v1,820410299,2024-05-25 15:09:00.188,0xe3a32c597561a474b7b017a8060279874c27f59982d32dbafc42e60b89df4461,0x7de3fea83cd5ca0e1def27c3f3803af619882db51f34abf30dd04ad12ee6af31,tapos_play,"[""0x331cf87674210dc1184677a93d37a162a144a95bb6aa38d4fce0132dbca475e6"",""0x3e5750f02e9e5b1afa81464685d61579ea87888be1423f0d8b64fbdcbf4ca01a"",""0x48ae4c6acb675f24f81bbb7be0c52acf7a17f60e73060f5c6b169675ababf3fb"",""0x6e4b28d40f98a106a65163530924c0dcb40c1349d3aa915d108b4d6cfc1ddb19"",""0xe6503bb799fb7fcea8e4a1323e4561252215cab2ee697ab537c6a825dc9fc389""]",0x7de3fea83cd5ca0e1def27c3f3803af619882db51f34abf30dd04ad12ee6af31::tapos::play,5,aptos_aws_public_blockchain_sonarx
mbe_workload_record_v1,820410300,2024-05-25 15:09:00.188,0x4f66476d4d8eaea5a8e1a988716e0aaf6652f89e3f6a9447b3714794a81cb4f6,0x7de3fea83cd5ca0e1def27c3f3803af619882db51f34abf30dd04ad12ee6af31,tapos_play,"[""0x3411e9ca94120a09461cdd7ecac4cd8e4163e1d966faab484afb17232683aac0"",""0x39ce22b2b2730561dc25cc60bd859a1901f0a4d8001b48d4d3be2fe36d2ed554"",""0x48ae4c6acb675f24f81bbb7be0c52acf7a17f60e73060f5c6b169675ababf3fb"",""0x6e4b28d40f98a106a65163530924c0dcb40c1349d3aa915d108b4d6cfc1ddb19"",""0xa5d77538f3dc4534ab661076b1388daf45572c137d95c3ddee0c3942ed4d007d""]",0x7de3fea83cd5ca0e1def27c3f3803af619882db51f34abf30dd04ad12ee6af31::tapos::play,5,aptos_aws_public_blockchain_sonarx
mbe_workload_record_v1,820410301,2024-05-25 15:09:00.188,0x6f9f7d5dbc178e7d70a2d452a51c9747aa5eb9825d8f6d5144db83a3adc83445,0x7de3fea83cd5ca0e1def27c3f3803af619882db51f34abf30dd04ad12ee6af31,tapos_play,"[""0x0df6906427559e623ca5b4d8b6b7ea5725827e68496074719439fd06021281bb"",""0x48ae4c6acb675f24f81bbb7be0c52acf7a17f60e73060f5c6b169675ababf3fb"",""0x5a444efd8cba1bab4474bbdc8a70b4db046cdee9e216604233205e5ba43b2d77"",""0x5b102be7a6b999635477788d70a69ad6c501a3402119e8040868de055dc58249"",""0x6e4b28d40f98a106a65163530924c0dcb40c1349d3aa915d108b4d6cfc1ddb19""]",0x7de3fea83cd5ca0e1def27c3f3803af619882db51f34abf30dd04ad12ee6af31::tapos::play,5,aptos_aws_public_blockchain_sonarx
mbe_workload_record_v1,820410302,2024-05-25 15:09:00.188,0x9836716ee3441455219298bcc80c9f1e19d546f8dc68d82ffb8ea75ab818ae15,0x7de3fea83cd5ca0e1def27c3f3803af619882db51f34abf30dd04ad12ee6af31,tapos_play,"[""0x188c6d85476acd8707f7e333ef308d0e2f1dd6bb8713bb9e72fced1eb2b0f023"",""0x48ae4c6acb675f24f81bbb7be0c52acf7a17f60e73060f5c6b169675ababf3fb"",""0x63bf34e6bdece6e70ec01210d10c0384b57c5e946a9e9f8a149ba658528cf10a"",""0x6a9596a65cf64f95b1713200d43d5e5cc6144f19fd0f5fffea55598a0e85fd13"",""0x6e4b28d40f98a106a65163530924c0dcb40c1349d3aa915d108b4d6cfc1ddb19""]",0x7de3fea83cd5ca0e1def27c3f3803af619882db51f34abf30dd04ad12ee6af31::tapos::play,5,aptos_aws_public_blockchain_sonarx
mbe_workload_record_v1,820410303,2024-05-25 15:09:00.188,0x8afadaf84df3f5bb4f52bb665bb4e8763d97bf0fba3f086c300f74694a29854d,0x7de3fea83cd5ca0e1def27c3f3803af619882db51f34abf30dd04ad12ee6af31,tapos_play,"[""0x11acd05453514fa05870e3db25e56899423af09b560263db7084a8696f6e1ad4"",""0x48ae4c6acb675f24f81bbb7be0c52acf7a17f60e73060f5c6b169675ababf3fb"",""0x6e4b28d40f98a106a65163530924c0dcb40c1349d3aa915d108b4d6cfc1ddb19"",""0xae84d5cf1e483f1de1500fd505b7abc9b5f5f80d28888e1991d12a31147b09b0"",""0xf3730d9c15aba434d2d8027406b0f1cfa1e870c65604d8d38adf5c869672bb86""]",0x7de3fea83cd5ca0e1def27c3f3803af619882db51f34abf30dd04ad12ee6af31::tapos::play,5,aptos_aws_public_blockchain_sonarx
mbe_workload_record_v1,820410304,2024-05-25 15:09:00.188,0x882559238f559a4704c028fd84d41ac4aa382806d9dc89d204abad90ffee880c,0x7de3fea83cd5ca0e1def27c3f3803af619882db51f34abf30dd04ad12ee6af31,tapos_play,"[""0x0e5695ce868c9a0180020b4edc6a76ef4bd3244205a8e49d62601546003168ca"",""0x48ae4c6acb675f24f81bbb7be0c52acf7a17f60e73060f5c6b169675ababf3fb"",""0x6e4b28d40f98a106a65163530924c0dcb40c1349d3aa915d108b4d6cfc1ddb19"",""0x7d2cabd9d6db6b4539bce3a9aaded3cfdd71a6e9f0ed7bcc14457796302641bc"",""0xe5d507cdb37af2dd7b4fffedb7e27eee47938d1dcb584eff54dbbe8886806e31""]",0x7de3fea83cd5ca0e1def27c3f3803af619882db51f34abf30dd04ad12ee6af31::tapos::play,5,aptos_aws_public_blockchain_sonarx
mbe_workload_record_v1,820410305,2024-05-25 15:09:00.188,0x4b651053842085a53bee75716256b34b900464d8df32e56cbc1f5aec1c4495a9,0x7de3fea83cd5ca0e1def27c3f3803af619882db51f34abf30dd04ad12ee6af31,tapos_play,"[""0x0d9fdbd43fa54ad8ebc2a5f1746d289d40b444a454bb7ccd7662aa3578888beb"",""0x35dc29162f764b0d933a637c609db0597c5560e89c52d23262f3f107833e062a"",""0x48ae4c6acb675f24f81bbb7be0c52acf7a17f60e73060f5c6b169675ababf3fb"",""0x6e4b28d40f98a106a65163530924c0dcb40c1349d3aa915d108b4d6cfc1ddb19"",""0xa4c1b0adeed2e2cb7b226f37168f18aec69a260b78eee1ece15fdfc0fa37eb05""]",0x7de3fea83cd5ca0e1def27c3f3803af619882db51f34abf30dd04ad12ee6af31::tapos::play,5,aptos_aws_public_blockchain_sonarx
mbe_workload_record_v1,820410306,2024-05-25 15:09:00.188,0xc29c9b52e51f872068ecaa4375e33489f7a35407b24d5a4df25e6e59fe5ec643,0x7de3fea83cd5ca0e1def27c3f3803af619882db51f34abf30dd04ad12ee6af31,tapos_play,"[""0x234042a8849178180809364d6bf11aae80a0427bc7f6b2467ee5f75b011d13bd"",""0x48ae4c6acb675f24f81bbb7be0c52acf7a17f60e73060f5c6b169675ababf3fb"",""0x6e4b28d40f98a106a65163530924c0dcb40c1349d3aa915d108b4d6cfc1ddb19"",""0x98d0625528773c1ce71d1432d3dbfa1d78d61a9652b7190c2d3ff092edf1302e"",""0x99e68f10c47b9465a8c5e1ff30b335e3051f52e31f8d19c20f7b9bbe084f1a7f""]",0x7de3fea83cd5ca0e1def27c3f3803af619882db51f34abf30dd04ad12ee6af31::tapos::play,5,aptos_aws_public_blockchain_sonarx
mbe_workload_record_v1,820410307,2024-05-25 15:09:00.188,0x4f4e9545e7aa4aa61aab730cd8561d310322747a11dbb443c3c9f70e732ee00e,0x7de3fea83cd5ca0e1def27c3f3803af619882db51f34abf30dd04ad12ee6af31,tapos_play,"[""0x41b2d235b1c51e82095dc1aeaf950fb7014fc7bdd2d059475193cccc5c543c79"",""0x48ae4c6acb675f24f81bbb7be0c52acf7a17f60e73060f5c6b169675ababf3fb"",""0x6e4b28d40f98a106a65163530924c0dcb40c1349d3aa915d108b4d6cfc1ddb19"",""0x939fa3fea4242b83aa2e2d46962bc9d3d8c8cd6fb876c89b6db21a233e9416c7"",""0xa7d36e6f88c7904ad54963f2a21f071d68d67ce8205c9c539ff8e38b746c9e7d""]",0x7de3fea83cd5ca0e1def27c3f3803af619882db51f34abf30dd04ad12ee6af31::tapos::play,5,aptos_aws_public_blockchain_sonarx
mbe_workload_record_v1,820410308,2024-05-25 15:09:00.188,0xd2be7d28002cb29ad6b371677fc77a70c951818504a075a843c6b57a89d189d7,0x7de3fea83cd5ca0e1def27c3f3803af619882db51f34abf30dd04ad12ee6af31,tapos_play,"[""0x39b566bffcf94a223dd1f6011f4492f53c0e5e64723819973974540e5bd99714"",""0x3f9e43aeda7491f7f28faf6c301fca29b5ca6ecb1c811f5bc5df310e3a007203"",""0x48ae4c6acb675f24f81bbb7be0c52acf7a17f60e73060f5c6b169675ababf3fb"",""0x6e4b28d40f98a106a65163530924c0dcb40c1349d3aa915d108b4d6cfc1ddb19"",""0xef0b4e739a1b8e9fb176704e6ccdca32c5f4288997c52843841c796f0a4e1542""]",0x7de3fea83cd5ca0e1def27c3f3803af619882db51f34abf30dd04ad12ee6af31::tapos::play,5,aptos_aws_public_blockchain_sonarx
mbe_workload_record_v1,820410309,2024-05-25 15:09:00.188,0x4656801f95dd4db4db2aab86313956c31209a880d70823bb402f7de7913e5709,0x7de3fea83cd5ca0e1def27c3f3803af619882db51f34abf30dd04ad12ee6af31,tapos_play,"[""0x064020d8fab33828704566039765db302897b5720af6f814aeb1d036313cc730"",""0x0fd679cd815894e1ddef8a1e2af16ccfa86bfabc9d906b827c87f99db1e34a5b"",""0x48ae4c6acb675f24f81bbb7be0c52acf7a17f60e73060f5c6b169675ababf3fb"",""0x6e4b28d40f98a106a65163530924c0dcb40c1349d3aa915d108b4d6cfc1ddb19"",""0xbc554debafb9bd3afd2d3fef486869b017404e7805b43daa1f6e7a1d1bf3b579""]",0x7de3fea83cd5ca0e1def27c3f3803af619882db51f34abf30dd04ad12ee6af31::tapos::play,5,aptos_aws_public_blockchain_sonarx
mbe_workload_record_v1,820410310,2024-05-25 15:09:00.188,0xd866fe58436bef4ce8e5e1108b5f5952a93b95d8da6abc73bedc490cbe612af9,0x7de3fea83cd5ca0e1def27c3f3803af619882db51f34abf30dd04ad12ee6af31,tapos_play,"[""0x3504388081b929bec32c63dc17cd01cc826f596d62098a37426cb88000606aa4"",""0x48ae4c6acb675f24f81bbb7be0c52acf7a17f60e73060f5c6b169675ababf3fb"",""0x54f67b31684cac3fe5aa1819601d1e46b04a68970ac549514dc7b5610ff55219"",""0x6e4b28d40f98a106a65163530924c0dcb40c1349d3aa915d108b4d6cfc1ddb19"",""0xd6f93e74755c25a0a8b4d9d829cb833122b77e7eb9c1212d319ec646534da05a""]",0x7de3fea83cd5ca0e1def27c3f3803af619882db51f34abf30dd04ad12ee6af31::tapos::play,5,aptos_aws_public_blockchain_sonarx
mbe_workload_record_v1,820410311,2024-05-25 15:09:00.188,0xec1d1f34c978780d941da6b3869368fec3c6fa5594704d5939f1e4e2a42546,0x7de3fea83cd5ca0e1def27c3f3803af619882db51f34abf30dd04ad12ee6af31,tapos_play,"[""0x2ce38e67c8a1a202f4bbf08543a40a52bf1e8743862ece6ade34a661973400b1"",""0x48ae4c6acb675f24f81bbb7be0c52acf7a17f60e73060f5c6b169675ababf3fb"",""0x6e4b28d40f98a106a65163530924c0dcb40c1349d3aa915d108b4d6cfc1ddb19"",""0xa55864c253b13f68ce70418a2fa8a96b0f75a76aaf473a704dd49234c57a6f2b"",""0xf9e57abec7f0400245c3eb03be8aaca3a463a06187b07068b5bcbd1017d647d1""]",0x7de3fea83cd5ca0e1def27c3f3803af619882db51f34abf30dd04ad12ee6af31::tapos::play,5,aptos_aws_public_blockchain_sonarx
mbe_workload_record_v1,820410312,2024-05-25 15:09:00.188,0x391b10fa308c94f9937b32a704a9c2ef02fdb35d1c73a59fe92135766610a475,0x7de3fea83cd5ca0e1def27c3f3803af619882db51f34abf30dd04ad12ee6af31,tapos_play,"[""0x1ccf0214ad359b3e1ad7412171ce4b74a3a03594cb389ceed617b081a64013c8"",""0x48ae4c6acb675f24f81bbb7be0c52acf7a17f60e73060f5c6b169675ababf3fb"",""0x6e4b28d40f98a106a65163530924c0dcb40c1349d3aa915d108b4d6cfc1ddb19"",""0xaf8b1ceb8d28dc7547e59272569165a6cfcb9542438cdcec1c3881a758c9cd11"",""0xf52b8d5d92760b156c9bbfc83a29e50fe6a867e5f918282a8485838ae34aab7d""]",0x7de3fea83cd5ca0e1def27c3f3803af619882db51f34abf30dd04ad12ee6af31::tapos::play,5,aptos_aws_public_blockchain_sonarx
mbe_workload_record_v1,820410313,2024-05-25 15:09:00.188,0xea93b081c2eec4914245b20b9735507149da6a0482bf8744707a58465a857c1c,0x7de3fea83cd5ca0e1def27c3f3803af619882db51f34abf30dd04ad12ee6af31,tapos_play,"[""0x062db9a1db2bc7dc3723663f578fdb9b988e115e583d379bc43c6ef8141c8699"",""0x48ae4c6acb675f24f81bbb7be0c52acf7a17f60e73060f5c6b169675ababf3fb"",""0x6e4b28d40f98a106a65163530924c0dcb40c1349d3aa915d108b4d6cfc1ddb19"",""0x8149df57db4cf10be8e632e27e0b855cf04b769271fb7e8d29398db74eba78ef"",""0x980805402063571ae74d59f1704cfabb21427f8602fbac06cff272c7857bf02b""]",0x7de3fea83cd5ca0e1def27c3f3803af619882db51f34abf30dd04ad12ee6af31::tapos::play,5,aptos_aws_public_blockchain_sonarx
mbe_workload_record_v1,820410314,2024-05-25 15:09:00.188,0xc81b1a13f5a36b2faaa7015500fa6a1d5d4d0c110fbf2ff6dcbf3e9d5e28f4b1,0x7de3fea83cd5ca0e1def27c3f3803af619882db51f34abf30dd04ad12ee6af31,tapos_play,"[""0x0892746917290c884ad0063980ffc7ae642a2abad5915ac656819f83c805d18e"",""0x48ae4c6acb675f24f81bbb7be0c52acf7a17f60e73060f5c6b169675ababf3fb"",""0x6e4b28d40f98a106a65163530924c0dcb40c1349d3aa915d108b4d6cfc1ddb19"",""0x8fda8f70638b4e54fe8e1530a630a6167981570fda54b5205b714a3d500d1d48"",""0xced04155ef0f8236d1051d7b3240c35e29a157bd93dd7a77ff14abd003f523d7""]",0x7de3fea83cd5ca0e1def27c3f3803af619882db51f34abf30dd04ad12ee6af31::tapos::play,5,aptos_aws_public_blockchain_sonarx
mbe_workload_record_v1,820410315,2024-05-25 15:09:00.188,0x5170fdf65378471fedb6a9d1a7ada56a83db81d0562954cd4a0ead7882fb5fa0,0x7de3fea83cd5ca0e1def27c3f3803af619882db51f34abf30dd04ad12ee6af31,tapos_play,"[""0x141de8e58661d62b36018a52ac4bb8288c2b375f9db68f65c6049b730af903a1"",""0x48ae4c6acb675f24f81bbb7be0c52acf7a17f60e73060f5c6b169675ababf3fb"",""0x4faeb9209e190fe1bb80cc19aed3c65e4da9c5ccf865ca1f88a675553a512e3c"",""0x6e4b28d40f98a106a65163530924c0dcb40c1349d3aa915d108b4d6cfc1ddb19"",""0x74ef09acef1ca47eb2ed014db63c6367764aa2f62f426f41f68070a9a154e3cc""]",0x7de3fea83cd5ca0e1def27c3f3803af619882db51f34abf30dd04ad12ee6af31::tapos::play,5,aptos_aws_public_blockchain_sonarx
mbe_workload_record_v1,820410316,2024-05-25 15:09:00.188,0x3f466514007e71d0e9bc612b29957b4dde977adeadb4ce7302ade0a054e73a00,0x7de3fea83cd5ca0e1def27c3f3803af619882db51f34abf30dd04ad12ee6af31,tapos_play,"[""0x38b21b96f039c613c3d58a95d1165e0bd9ebacab07ba688b474f30f1601c9d01"",""0x48ae4c6acb675f24f81bbb7be0c52acf7a17f60e73060f5c6b169675ababf3fb"",""0x6e4b28d40f98a106a65163530924c0dcb40c1349d3aa915d108b4d6cfc1ddb19"",""0x9cc7be58f6319610264fa2e142273682a220e675080028d3746bd575231eaafd"",""0xe67a70d6d28aeadc0672ed072f3d9502e61e17ad5e6330e16dc32546f6477931""]",0x7de3fea83cd5ca0e1def27c3f3803af619882db51f34abf30dd04ad12ee6af31::tapos::play,5,aptos_aws_public_blockchain_sonarx
mbe_workload_record_v1,820410317,2024-05-25 15:09:00.188,0x49f8af68190ca0e2974787cddeb63e75a0b200a06adb76f944716ce62ce3ae86,0x7de3fea83cd5ca0e1def27c3f3803af619882db51f34abf30dd04ad12ee6af31,tapos_play,"[""0x48ae4c6acb675f24f81bbb7be0c52acf7a17f60e73060f5c6b169675ababf3fb"",""0x6e4b28d40f98a106a65163530924c0dcb40c1349d3aa915d108b4d6cfc1ddb19"",""0x7d2ea139fc70a3910cbf9f4ac951d06661a618e8e1c4e44046b2e69f58bcacd0"",""0x8a4cfcf8895334d1c6416b1355d01e4d516086d250646429c81a6c9a23c1d906"",""0xc12677f595d63d56b2081112a56ed927463b390ef0fae910f1da3c1bad339324""]",0x7de3fea83cd5ca0e1def27c3f3803af619882db51f34abf30dd04ad12ee6af31::tapos::play,5,aptos_aws_public_blockchain_sonarx
mbe_workload_record_v1,820410318,2024-05-25 15:09:00.188,0xa2755f5f9d2aa17e6c80ce885bf7bb69417f2e9810506c711d4021bd204bf861,0x7de3fea83cd5ca0e1def27c3f3803af619882db51f34abf30dd04ad12ee6af31,tapos_play,"[""0x48ae4c6acb675f24f81bbb7be0c52acf7a17f60e73060f5c6b169675ababf3fb"",""0x61d62ca41d0688efe73813381b1a76a0f8b82df67fe8172273c55f00ed99a9c7"",""0x6e4b28d40f98a106a65163530924c0dcb40c1349d3aa915d108b4d6cfc1ddb19"",""0xeb186140325eb116ae38ca0bd024afb75dc82b8394479cb99735c52b01519233"",""0xfce9f3f7cf437192f637346ab0ca4cefbf923295678a0999543bf6c52d5550ef""]",0x7de3fea83cd5ca0e1def27c3f3803af619882db51f34abf30dd04ad12ee6af31::tapos::play,5,aptos_aws_public_blockchain_sonarx
mbe_workload_record_v1,820410320,2024-05-25 15:09:00.188,0x4b32195f5c3e5e4a8fb926f73d37504cbbd6b60f794b42ae9cfedc66501937fd,0x7de3fea83cd5ca0e1def27c3f3803af619882db51f34abf30dd04ad12ee6af31,tapos_play,"[""0x136660165bbae8f8dd67c162abddb9f9d23a2912ec559b1d6d62a9c5ae52b69f"",""0x48ae4c6acb675f24f81bbb7be0c52acf7a17f60e73060f5c6b169675ababf3fb"",""0x646ad7223841871b504a87c31d6e933525c5018c6b6598c1c006cb2383d893d3"",""0x6e4b28d40f98a106a65163530924c0dcb40c1349d3aa915d108b4d6cfc1ddb19"",""0x956692b5f33958ec3a5bd650aa942b209b3beebb0543975993c0d44ee64ec604""]",0x7de3fea83cd5ca0e1def27c3f3803af619882db51f34abf30dd04ad12ee6af31::tapos::play,5,aptos_aws_public_blockchain_sonarx
mbe_workload_record_v1,820410321,2024-05-25 15:09:00.188,0xbe321e80b2d2580f55775a1cb009f8755ec5ec08b9a642657c17004d7f7e6ccc,0x7de3fea83cd5ca0e1def27c3f3803af619882db51f34abf30dd04ad12ee6af31,tapos_play,"[""0x1654b8649172b3a90b88fc983b12dd1580417f65c9384a41a4c16fb45bf69bd0"",""0x32268f28382f368302587f0f805795a666d8425b276536cfeadf28db92cfd1c8"",""0x486022c98ccdd802968dd97dc87297e41de5680828336ac29fa4d860bc458416"",""0x48ae4c6acb675f24f81bbb7be0c52acf7a17f60e73060f5c6b169675ababf3fb"",""0x6e4b28d40f98a106a65163530924c0dcb40c1349d3aa915d108b4d6cfc1ddb19""]",0x7de3fea83cd5ca0e1def27c3f3803af619882db51f34abf30dd04ad12ee6af31::tapos::play,5,aptos_aws_public_blockchain_sonarx
mbe_workload_record_v1,820410322,2024-05-25 15:09:00.188,0xe1bc21cbdb4b769f15849b9163452fdc0d8ec87fc616d8ee6065e34df933b10d,0x7de3fea83cd5ca0e1def27c3f3803af619882db51f34abf30dd04ad12ee6af31,tapos_play,"[""0x0e5955f3973a900d810d02310dd974ffc381c0c61e8e8c8cd0be7b9bf7bd42dc"",""0x1298c74d2de95a382d576c3a39c46a556ec97ee82ee0713638b7d2cf1ec4bdb6"",""0x48ae4c6acb675f24f81bbb7be0c52acf7a17f60e73060f5c6b169675ababf3fb"",""0x6e4b28d40f98a106a65163530924c0dcb40c1349d3aa915d108b4d6cfc1ddb19"",""0xd9d3d1a14865640cce03f8332ff3de996fdfc356f1d704fb3c034935b71009a9""]",0x7de3fea83cd5ca0e1def27c3f3803af619882db51f34abf30dd04ad12ee6af31::tapos::play,5,aptos_aws_public_blockchain_sonarx
mbe_workload_record_v1,820410323,2024-05-25 15:09:00.188,0x9cb94a43269d0621855fd48b8131338149bd38ba67935c15f4f86ea589c9ac61,0x7de3fea83cd5ca0e1def27c3f3803af619882db51f34abf30dd04ad12ee6af31,tapos_play,"[""0x2884dc0dfd2e89284cb0aadd3cbef0d01364aabd747db736f3644313c2dcf63c"",""0x48ae4c6acb675f24f81bbb7be0c52acf7a17f60e73060f5c6b169675ababf3fb"",""0x5f800d88944d0f9b48860a8bdc54231b76c23f7769293545789dfb084a96869f"",""0x6e4b28d40f98a106a65163530924c0dcb40c1349d3aa915d108b4d6cfc1ddb19"",""0x81eb8b5303552aaf133da4a57e9cfb287dd74f20265f3c7d750a498cb96c63f9""]",0x7de3fea83cd5ca0e1def27c3f3803af619882db51f34abf30dd04ad12ee6af31::tapos::play,5,aptos_aws_public_blockchain_sonarx
mbe_workload_record_v1,820410324,2024-05-25 15:09:00.188,0x138db66be677946120038401410196cf7f832c5d9c270f77d5282d8bc99c241a,0x7de3fea83cd5ca0e1def27c3f3803af619882db51f34abf30dd04ad12ee6af31,tapos_play,"[""0x48ae4c6acb675f24f81bbb7be0c52acf7a17f60e73060f5c6b169675ababf3fb"",""0x6e1e2fa2f0135e8f9f6fa6d9ad5f23a458cd4931103bf2ceba19ffed0b2c7603"",""0x6e4b28d40f98a106a65163530924c0dcb40c1349d3aa915d108b4d6cfc1ddb19"",""0xb51f165f5b6051444e53f1a7b55c53ffbe2fa0f6a1796bf65f9630fe0fb296aa"",""0xf08aae1c26458b9ee5694e5ee3bbcdcdd07a31c0d2ba167c8845bbc0bb8adf8f""]",0x7de3fea83cd5ca0e1def27c3f3803af619882db51f34abf30dd04ad12ee6af31::tapos::play,5,aptos_aws_public_blockchain_sonarx
mbe_workload_record_v1,820410325,2024-05-25 15:09:00.188,0x5ab5cdff1740446d33d5f2754196fc3792d664a7015a1633185b0b76ab1221d9,0x7de3fea83cd5ca0e1def27c3f3803af619882db51f34abf30dd04ad12ee6af31,tapos_play,"[""0x48ae4c6acb675f24f81bbb7be0c52acf7a17f60e73060f5c6b169675ababf3fb"",""0x4cca7a4a1cd5274767362fb3b36d595c68d21edf4bbfcc54af70fa03f41b5871"",""0x6e4b28d40f98a106a65163530924c0dcb40c1349d3aa915d108b4d6cfc1ddb19"",""0x8175b17d05256aea400dc3da482ade6552db2abc4998b2aaf0e8ca737cb34f30"",""0xeb54d6263fffef0403836aa8c2a0266c1291624d48c3686ab1083bcdb775b94d""]",0x7de3fea83cd5ca0e1def27c3f3803af619882db51f34abf30dd04ad12ee6af31::tapos::play,5,aptos_aws_public_blockchain_sonarx
mbe_workload_record_v1,820410326,2024-05-25 15:09:00.188,0x914c31166d24f969f1f228c27f7fbead03c18221b272b66d14ce8afc401aa8f4,0x7de3fea83cd5ca0e1def27c3f3803af619882db51f34abf30dd04ad12ee6af31,tapos_play,"[""0x18d8fe067da1ec2519e0fb5738219037dc4a469cf57024453e20cac74ab35456"",""0x1b484c90329d0dfc6fe578eacb781ab07bd710863f52eba5792826b538e3ae78"",""0x2a9a328c1dbbf65d7cecfa705b2c40586a55e4dced2460202debb08c1aeb89c6"",""0x48ae4c6acb675f24f81bbb7be0c52acf7a17f60e73060f5c6b169675ababf3fb"",""0x6e4b28d40f98a106a65163530924c0dcb40c1349d3aa915d108b4d6cfc1ddb19""]",0x7de3fea83cd5ca0e1def27c3f3803af619882db51f34abf30dd04ad12ee6af31::tapos::play,5,aptos_aws_public_blockchain_sonarx
mbe_workload_record_v1,820410327,2024-05-25 15:09:00.188,0xddc32ed157b494c1b7ac8b64b5d308ced2d92b863a57d7ad7ad90c3cd6407fe7,0x7de3fea83cd5ca0e1def27c3f3803af619882db51f34abf30dd04ad12ee6af31,tapos_play,"[""0x29b548f193d8430b3f43b5111c93768153846b9e520f9075c61bfc97e928e047"",""0x421fb7b2e91a5a2aea1fda0ebc36e519d75f60b84e1100292fba7d93dae4eef1"",""0x48ae4c6acb675f24f81bbb7be0c52acf7a17f60e73060f5c6b169675ababf3fb"",""0x4aae6c1ce59b9001fb9d3d7619345a5f55cb516da0fc43232c354c5b4dbd730b"",""0x6e4b28d40f98a106a65163530924c0dcb40c1349d3aa915d108b4d6cfc1ddb19""]",0x7de3fea83cd5ca0e1def27c3f3803af619882db51f34abf30dd04ad12ee6af31::tapos::play,5,aptos_aws_public_blockchain_sonarx
mbe_workload_record_v1,820410328,2024-05-25 15:09:00.188,0x82408977bfea6d8d02581483d240c4c5a88bd3ff5718bae269f035e27ce2681b,0x7de3fea83cd5ca0e1def27c3f3803af619882db51f34abf30dd04ad12ee6af31,tapos_play,"[""0x0f35bac15d212165bad0340bb7f2ad182e79f53dfe78b569a2fbcfb322604a1e"",""0x47c7c4862447e3aea3e5f7ec26d4be565b39ceeb1d320d4763ce2791b0ae3615"",""0x48922339f5d1c8f4066feab7761d58c7f55c02c60e19528b8495d833db88140d"",""0x48ae4c6acb675f24f81bbb7be0c52acf7a17f60e73060f5c6b169675ababf3fb"",""0x6e4b28d40f98a106a65163530924c0dcb40c1349d3aa915d108b4d6cfc1ddb19""]",0x7de3fea83cd5ca0e1def27c3f3803af619882db51f34abf30dd04ad12ee6af31::tapos::play,5,aptos_aws_public_blockchain_sonarx
mbe_workload_record_v1,820410329,2024-05-25 15:09:00.188,0x8a8ffb61aab2be70f9f2666369245c19cfb960f2b7dea16174398e1cdc108eb8,0x7de3fea83cd5ca0e1def27c3f3803af619882db51f34abf30dd04ad12ee6af31,tapos_play,"[""0x1d2af7223fec66c94a45ad9323f343925155f548906a15abf1b143c0f7e04a90"",""0x48ae4c6acb675f24f81bbb7be0c52acf7a17f60e73060f5c6b169675ababf3fb"",""0x6e4b28d40f98a106a65163530924c0dcb40c1349d3aa915d108b4d6cfc1ddb19"",""0x9d7ae03cbcfc1d6dbde5cfb8f152ac0ad48e8142ed6a3d31291246b77c265624"",""0xec5d28026226a84e5a259bfa6471aa2832e5622fe9401f45eb437511da0e6c94""]",0x7de3fea83cd5ca0e1def27c3f3803af619882db51f34abf30dd04ad12ee6af31::tapos::play,5,aptos_aws_public_blockchain_sonarx
mbe_workload_record_v1,820410330,2024-05-25 15:09:00.188,0xa3b9ba54cb20b83736a0f0c7a3341bb8f938ee8b4f82df573a7cf9d40f370fc9,0x7de3fea83cd5ca0e1def27c3f3803af619882db51f34abf30dd04ad12ee6af31,tapos_play,"[""0x09d8b91ad9948725d072f0e9271493671a09b02ffa851ac22748930d8441a56d"",""0x48ae4c6acb675f24f81bbb7be0c52acf7a17f60e73060f5c6b169675ababf3fb"",""0x6e4b28d40f98a106a65163530924c0dcb40c1349d3aa915d108b4d6cfc1ddb19"",""0x9b4a968336adf4b3eeb1a61ee1533e9b33a71b27d816def5d0c058944602003b"",""0x9c685afe1eb78ca2d4e41b0d0d0b2237c40045ea0357facff3f77e95224efc61""]",0x7de3fea83cd5ca0e1def27c3f3803af619882db51f34abf30dd04ad12ee6af31::tapos::play,5,aptos_aws_public_blockchain_sonarx
mbe_workload_record_v1,820410331,2024-05-25 15:09:00.188,0x12d2cfe8967125d35729c3101d1aa82a458038990cf7a380aad353d5abc03019,0x7de3fea83cd5ca0e1def27c3f3803af619882db51f34abf30dd04ad12ee6af31,tapos_play,"[""0x0496f13d1d8963b172bd4736736334dd0613a165cc2d0bdf573e79f482724f2c"",""0x39467c973fc49e77780a438002a3d2cc4cada8fd438f095a63c57339cb95e729"",""0x48ae4c6acb675f24f81bbb7be0c52acf7a17f60e73060f5c6b169675ababf3fb"",""0x6e4b28d40f98a106a65163530924c0dcb40c1349d3aa915d108b4d6cfc1ddb19"",""0xa4f0fc29491f4d244f64cc3127f50527c4a2dbb9501e2e0c697fe35c32ea314e""]",0x7de3fea83cd5ca0e1def27c3f3803af619882db51f34abf30dd04ad12ee6af31::tapos::play,5,aptos_aws_public_blockchain_sonarx
mbe_workload_record_v1,820410332,2024-05-25 15:09:00.188,0x9836716ee3441455219298bcc80c9f1e19d546f8dc68d82ffb8ea75ab818ae15,0x7de3fea83cd5ca0e1def27c3f3803af619882db51f34abf30dd04ad12ee6af31,tapos_play,"[""0x188c6d85476acd8707f7e333ef308d0e2f1dd6bb8713bb9e72fced1eb2b0f023"",""0x48ae4c6acb675f24f81bbb7be0c52acf7a17f60e73060f5c6b169675ababf3fb"",""0x63bf34e6bdece6e70ec01210d10c0384b57c5e946a9e9f8a149ba658528cf10a"",""0x6a9596a65cf64f95b1713200d43d5e5cc6144f19fd0f5fffea55598a0e85fd13"",""0x6e4b28d40f98a106a65163530924c0dcb40c1349d3aa915d108b4d6cfc1ddb19""]",0x7de3fea83cd5ca0e1def27c3f3803af619882db51f34abf30dd04ad12ee6af31::tapos::play,5,aptos_aws_public_blockchain_sonarx
mbe_workload_record_v1,820410333,2024-05-25 15:09:00.188,0x8afadaf84df3f5bb4f52bb665bb4e8763d97bf0fba3f086c300f74694a29854d,0x7de3fea83cd5ca0e1def27c3f3803af619882db51f34abf30dd04ad12ee6af31,tapos_play,"[""0x11acd05453514fa05870e3db25e56899423af09b560263db7084a8696f6e1ad4"",""0x48ae4c6acb675f24f81bbb7be0c52acf7a17f60e73060f5c6b169675ababf3fb"",""0x6e4b28d40f98a106a65163530924c0dcb40c1349d3aa915d108b4d6cfc1ddb19"",""0xae84d5cf1e483f1de1500fd505b7abc9b5f5f80d28888e1991d12a31147b09b0"",""0xf3730d9c15aba434d2d8027406b0f1cfa1e870c65604d8d38adf5c869672bb86""]",0x7de3fea83cd5ca0e1def27c3f3803af619882db51f34abf30dd04ad12ee6af31::tapos::play,5,aptos_aws_public_blockchain_sonarx
mbe_workload_record_v1,820410334,2024-05-25 15:09:00.188,0x882559238f559a4704c028fd84d41ac4aa382806d9dc89d204abad90ffee880c,0x7de3fea83cd5ca0e1def27c3f3803af619882db51f34abf30dd04ad12ee6af31,tapos_play,"[""0x0e5695ce868c9a0180020b4edc6a76ef4bd3244205a8e49d62601546003168ca"",""0x48ae4c6acb675f24f81bbb7be0c52acf7a17f60e73060f5c6b169675ababf3fb"",""0x6e4b28d40f98a106a65163530924c0dcb40c1349d3aa915d108b4d6cfc1ddb19"",""0x7d2cabd9d6db6b4539bce3a9aaded3cfdd71a6e9f0ed7bcc14457796302641bc"",""0xe5d507cdb37af2dd7b4fffedb7e27eee47938d1dcb584eff54dbbe8886806e31""]",0x7de3fea83cd5ca0e1def27c3f3803af619882db51f34abf30dd04ad12ee6af31::tapos::play,5,aptos_aws_public_blockchain_sonarx
mbe_workload_record_v1,820410335,2024-05-25 15:09:00.188,0x4b651053842085a53bee75716256b34b900464d8df32e56cbc1f5aec1c4495a9,0x7de3fea83cd5ca0e1def27c3f3803af619882db51f34abf30dd04ad12ee6af31,tapos_play,"[""0x0d9fdbd43fa54ad8ebc2a5f1746d289d40b444a454bb7ccd7662aa3578888beb"",""0x35dc29162f764b0d933a637c609db0597c5560e89c52d23262f3f107833e062a"",""0x48ae4c6acb675f24f81bbb7be0c52acf7a17f60e73060f5c6b169675ababf3fb"",""0x6e4b28d40f98a106a65163530924c0dcb40c1349d3aa915d108b4d6cfc1ddb19"",""0xa4c1b0adeed2e2cb7b226f37168f18aec69a260b78eee1ece15fdfc0fa37eb05""]",0x7de3fea83cd5ca0e1def27c3f3803af619882db51f34abf30dd04ad12ee6af31::tapos::play,5,aptos_aws_public_blockchain_sonarx
mbe_workload_record_v1,820410336,2024-05-25 15:09:00.188,0xd6df6b4371caf5e69a00febac31109577854ea2bac2db58e5e71f1a5b1f944e8,0x7de3fea83cd5ca0e1def27c3f3803af619882db51f34abf30dd04ad12ee6af31,tapos_play,"[""0x48ae4c6acb675f24f81bbb7be0c52acf7a17f60e73060f5c6b169675ababf3fb"",""0x674d8b4ea2f000424c0390ef4704e377095a33dc16b2812b84a1e0c1ec51212b"",""0x6e4b28d40f98a106a65163530924c0dcb40c1349d3aa915d108b4d6cfc1ddb19"",""0x7b2665cd5482e491e3288ddc2ab857e61cb7ab8f15b5921a16e4fb0219edb34c"",""0x96763c7f964149de08481c49693bf5efaa2651c0c43135df40dcc9453481d63c""]",0x7de3fea83cd5ca0e1def27c3f3803af619882db51f34abf30dd04ad12ee6af31::tapos::play,5,aptos_aws_public_blockchain_sonarx
mbe_workload_record_v1,820410337,2024-05-25 15:09:00.188,0x26273a6fd3b12de2d874bff7ff38f8f086e6a940461f06a258b6ac5c8297b2f0,0x7de3fea83cd5ca0e1def27c3f3803af619882db51f34abf30dd04ad12ee6af31,tapos_play,"[""0x48ae4c6acb675f24f81bbb7be0c52acf7a17f60e73060f5c6b169675ababf3fb"",""0x4fb6762f312a92bc81654040766478ed9a2001d7db2b6e0673a4710d80ec59e4"",""0x58dc32ce961c834495fe89abf3a2b7ca8f95e41935ffb10fa2ceabad0da43ab3"",""0x6ca7b924ec1cb4496b7341559a830864377693eccbedd229ba8ad10f00d7e487"",""0x6e4b28d40f98a106a65163530924c0dcb40c1349d3aa915d108b4d6cfc1ddb19""]",0x7de3fea83cd5ca0e1def27c3f3803af619882db51f34abf30dd04ad12ee6af31::tapos::play,5,aptos_aws_public_blockchain_sonarx
mbe_workload_record_v1,820410338,2024-05-25 15:09:00.188,0x9a6343d461f5998eace698dfccfbdc521884ea125e01862d4dc01817ca270538,0x7de3fea83cd5ca0e1def27c3f3803af619882db51f34abf30dd04ad12ee6af31,tapos_play,"[""0x00a1dc182b80e54b914f1c049183aae3a0e016fd183aca403850e4100fa6a72a"",""0x48ae4c6acb675f24f81bbb7be0c52acf7a17f60e73060f5c6b169675ababf3fb"",""0x4b5eaa3fa09184e3d4fbedbe8d5db00bc93a3b688c817ea83a9412519011254b"",""0x6e4b28d40f98a106a65163530924c0dcb40c1349d3aa915d108b4d6cfc1ddb19"",""0x973b089f8ac196a0ed520b9be341a21db54c0b7f6be32264562077362f01f880""]",0x7de3fea83cd5ca0e1def27c3f3803af619882db51f34abf30dd04ad12ee6af31::tapos::play,5,aptos_aws_public_blockchain_sonarx
mbe_workload_record_v1,820410339,2024-05-25 15:09:00.188,0x6845ef0232b71c07f08d0e08a7c2362d8f7590b6b96c1405ed8db95b61c015bf,0x7de3fea83cd5ca0e1def27c3f3803af619882db51f34abf30dd04ad12ee6af31,tapos_play,"[""0x0d2e586b9b7106befd5282c4d73b4517f6295948b75a5313e560cea1d2d7c294"",""0x48ae4c6acb675f24f81bbb7be0c52acf7a17f60e73060f5c6b169675ababf3fb"",""0x6e4b28d40f98a106a65163530924c0dcb40c1349d3aa915d108b4d6cfc1ddb19"",""0x8ab82556b4d4f390c61818864742b3a30fe0d73bc77e380f48761622dc8e52df"",""0xd4dec48def0419ec92b9692283459bf1815ebbd6a44393d9fae9cc6e4cda82d0""]",0x7de3fea83cd5ca0e1def27c3f3803af619882db51f34abf30dd04ad12ee6af31::tapos::play,5,aptos_aws_public_blockchain_sonarx
mbe_workload_record_v1,820410340,2024-05-25 15:09:00.188,0xd2be7d28002cb29ad6b371677fc77a70c951818504a075a843c6b57a89d189d7,0x7de3fea83cd5ca0e1def27c3f3803af619882db51f34abf30dd04ad12ee6af31,tapos_play,"[""0x39b566bffcf94a223dd1f6011f4492f53c0e5e64723819973974540e5bd99714"",""0x3f9e43aeda7491f7f28faf6c301fca29b5ca6ecb1c811f5bc5df310e3a007203"",""0x48ae4c6acb675f24f81bbb7be0c52acf7a17f60e73060f5c6b169675ababf3fb"",""0x6e4b28d40f98a106a65163530924c0dcb40c1349d3aa915d108b4d6cfc1ddb19"",""0xef0b4e739a1b8e9fb176704e6ccdca32c5f4288997c52843841c796f0a4e1542""]",0x7de3fea83cd5ca0e1def27c3f3803af619882db51f34abf30dd04ad12ee6af31::tapos::play,5,aptos_aws_public_blockchain_sonarx
mbe_workload_record_v1,820410341,2024-05-25 15:09:00.188,0xa4210def5e260f2d09be9ec43510ab70f3e3b2009056a73243b886ed36d21e2c,0x7de3fea83cd5ca0e1def27c3f3803af619882db51f34abf30dd04ad12ee6af31,tapos_play,"[""0x17054fb8b5ac1cb06ccec9a5220c07ac3f96796063d3e5c2b1fd9e226977607a"",""0x48ae4c6acb675f24f81bbb7be0c52acf7a17f60e73060f5c6b169675ababf3fb"",""0x6e4b28d40f98a106a65163530924c0dcb40c1349d3aa915d108b4d6cfc1ddb19"",""0x7f30ff315b35b193c69a8585c2473ca41733e4031e0b9b2e02fd859d207f5133"",""0xea025750b1aa3da0f52509948137ec84cdb8716a57f0f831ad5bd8c0951f83ce""]",0x7de3fea83cd5ca0e1def27c3f3803af619882db51f34abf30dd04ad12ee6af31::tapos::play,5,aptos_aws_public_blockchain_sonarx
mbe_workload_record_v1,820410342,2024-05-25 15:09:00.188,0x57398ca7167ac98054e6dc799fdf139e9c1f1c090e8f3a8e9db499db8062f6ee,0x7de3fea83cd5ca0e1def27c3f3803af619882db51f34abf30dd04ad12ee6af31,tapos_play,"[""0x24e392efed6d36c1ae539104132714100151cec9dacad38b416a2c6da62e8f02"",""0x48ae4c6acb675f24f81bbb7be0c52acf7a17f60e73060f5c6b169675ababf3fb"",""0x6e4b28d40f98a106a65163530924c0dcb40c1349d3aa915d108b4d6cfc1ddb19"",""0x712fb707f67c6cefacaa3c23489c4a7b29105fa3cb38ff1bafe2ca66133bdc6d"",""0xe8dd717c52e93b64b223ef44267e359f4c02719980ffafd700ba8710f059e5e1""]",0x7de3fea83cd5ca0e1def27c3f3803af619882db51f34abf30dd04ad12ee6af31::tapos::play,5,aptos_aws_public_blockchain_sonarx
mbe_workload_record_v1,820410343,2024-05-25 15:09:00.188,0xcb561c1c9e444cb26fcac7ced15c4cd0ac0b72ee06d6f6779bf1911f76c3295b,0x7de3fea83cd5ca0e1def27c3f3803af619882db51f34abf30dd04ad12ee6af31,tapos_play,"[""0x1cc77d5a30d87ed0c1ad590914bff17063a61edbcf8b61897a91127c064604f1"",""0x48ae4c6acb675f24f81bbb7be0c52acf7a17f60e73060f5c6b169675ababf3fb"",""0x6765ca39f25adba054d4daa0068d0407d3c2a2c8f6ce6b54c52be8f32ed5af21"",""0x6e4b28d40f98a106a65163530924c0dcb40c1349d3aa915d108b4d6cfc1ddb19"",""0xfb9bbe9466ecab8f76bfc00e32b5d412615c81bd380407cb70b5d389451a48fd""]",0x7de3fea83cd5ca0e1def27c3f3803af619882db51f34abf30dd04ad12ee6af31::tapos::play,5,aptos_aws_public_blockchain_sonarx
mbe_workload_record_v1,820410344,2024-05-25 15:09:00.188,0x5c88fbaaa92ee26d10568a851095d601365c31bec1e2e09d121766de92841f50,0x7de3fea83cd5ca0e1def27c3f3803af619882db51f34abf30dd04ad12ee6af31,tapos_play,"[""0x34fd31155b651e51f3d6bc0865340a6f2a8187a9286854cd9eecf48c991ae78f"",""0x48ae4c6acb675f24f81bbb7be0c52acf7a17f60e73060f5c6b169675ababf3fb"",""0x6cde10b388710929dc3df6eb69d4b7ee71dc51d29b30fea66a385e57ec5e63c7"",""0x6e4b28d40f98a106a65163530924c0dcb40c1349d3aa915d108b4d6cfc1ddb19"",""0xeeeb1125a67bc5463d475ca71998f2584579983eccecf05a4e0324fe445c01e9""]",0x7de3fea83cd5ca0e1def27c3f3803af619882db51f34abf30dd04ad12ee6af31::tapos::play,5,aptos_aws_public_blockchain_sonarx
mbe_workload_record_v1,820410345,2024-05-25 15:09:00.188,0xe2888f5a29edbc0983eb2c94f1803eca32c2c6284840adc1dc5b45d95b10a789,0x7de3fea83cd5ca0e1def27c3f3803af619882db51f34abf30dd04ad12ee6af31,tapos_play,"[""0x48ae4c6acb675f24f81bbb7be0c52acf7a17f60e73060f5c6b169675ababf3fb"",""0x4fe6cd0b871df91000a7d972d884b2709b834c5b19d6bc61eed54b3c42ae9cfb"",""0x5aeb09c0a4b95d1aa37e773b96578124816843e3a79d61037472814165d0e0c7"",""0x6e4b28d40f98a106a65163530924c0dcb40c1349d3aa915d108b4d6cfc1ddb19"",""0xb02a5bc8fc45d61e65a33439ee422ebd1b6390dc75347a8e73e9ebcc3ceb9ce4""]",0x7de3fea83cd5ca0e1def27c3f3803af619882db51f34abf30dd04ad12ee6af31::tapos::play,5,aptos_aws_public_blockchain_sonarx
mbe_workload_record_v1,820410346,2024-05-25 15:09:00.188,0xea93b081c2eec4914245b20b9735507149da6a0482bf8744707a58465a857c1c,0x7de3fea83cd5ca0e1def27c3f3803af619882db51f34abf30dd04ad12ee6af31,tapos_play,"[""0x062db9a1db2bc7dc3723663f578fdb9b988e115e583d379bc43c6ef8141c8699"",""0x48ae4c6acb675f24f81bbb7be0c52acf7a17f60e73060f5c6b169675ababf3fb"",""0x6e4b28d40f98a106a65163530924c0dcb40c1349d3aa915d108b4d6cfc1ddb19"",""0x8149df57db4cf10be8e632e27e0b855cf04b769271fb7e8d29398db74eba78ef"",""0x980805402063571ae74d59f1704cfabb21427f8602fbac06cff272c7857bf02b""]",0x7de3fea83cd5ca0e1def27c3f3803af619882db51f34abf30dd04ad12ee6af31::tapos::play,5,aptos_aws_public_blockchain_sonarx
mbe_workload_record_v1,820410347,2024-05-25 15:09:00.188,0xc81b1a13f5a36b2faaa7015500fa6a1d5d4d0c110fbf2ff6dcbf3e9d5e28f4b1,0x7de3fea83cd5ca0e1def27c3f3803af619882db51f34abf30dd04ad12ee6af31,tapos_play,"[""0x0892746917290c884ad0063980ffc7ae642a2abad5915ac656819f83c805d18e"",""0x48ae4c6acb675f24f81bbb7be0c52acf7a17f60e73060f5c6b169675ababf3fb"",""0x6e4b28d40f98a106a65163530924c0dcb40c1349d3aa915d108b4d6cfc1ddb19"",""0x8fda8f70638b4e54fe8e1530a630a6167981570fda54b5205b714a3d500d1d48"",""0xced04155ef0f8236d1051d7b3240c35e29a157bd93dd7a77ff14abd003f523d7""]",0x7de3fea83cd5ca0e1def27c3f3803af619882db51f34abf30dd04ad12ee6af31::tapos::play,5,aptos_aws_public_blockchain_sonarx
mbe_workload_record_v1,820410348,2024-05-25 15:09:00.188,0x1659878677750b7e3be9239c7b72ae14f48b102b7379d15ff3cc976c223fea41,0x7de3fea83cd5ca0e1def27c3f3803af619882db51f34abf30dd04ad12ee6af31,tapos_play,"[""0x273dd1a17591442516fec81fb6d6cf6c25fb27c13f3c770fa728e8079f577760"",""0x2ebd24474ac9c01a760afed6ae0e78758312c34a0600382f7de312424f2f9177"",""0x48ae4c6acb675f24f81bbb7be0c52acf7a17f60e73060f5c6b169675ababf3fb"",""0x6e4b28d40f98a106a65163530924c0dcb40c1349d3aa915d108b4d6cfc1ddb19"",""0x8412203bc8cf745a0884b3760352e54451f5473f853867b2b90f920bda94de2b""]",0x7de3fea83cd5ca0e1def27c3f3803af619882db51f34abf30dd04ad12ee6af31::tapos::play,5,aptos_aws_public_blockchain_sonarx
mbe_workload_record_v1,820410349,2024-05-25 15:09:00.188,0x3f466514007e71d0e9bc612b29957b4dde977adeadb4ce7302ade0a054e73a00,0x7de3fea83cd5ca0e1def27c3f3803af619882db51f34abf30dd04ad12ee6af31,tapos_play,"[""0x38b21b96f039c613c3d58a95d1165e0bd9ebacab07ba688b474f30f1601c9d01"",""0x48ae4c6acb675f24f81bbb7be0c52acf7a17f60e73060f5c6b169675ababf3fb"",""0x6e4b28d40f98a106a65163530924c0dcb40c1349d3aa915d108b4d6cfc1ddb19"",""0x9cc7be58f6319610264fa2e142273682a220e675080028d3746bd575231eaafd"",""0xe67a70d6d28aeadc0672ed072f3d9502e61e17ad5e6330e16dc32546f6477931""]",0x7de3fea83cd5ca0e1def27c3f3803af619882db51f34abf30dd04ad12ee6af31::tapos::play,5,aptos_aws_public_blockchain_sonarx
mbe_workload_record_v1,820410350,2024-05-25 15:09:00.188,0x242d8b4e4ab64137223c8a3ba597d41e7d56b604838c5f8958449867f77289c7,0x7de3fea83cd5ca0e1def27c3f3803af619882db51f34abf30dd04ad12ee6af31,tapos_play,"[""0x48ae4c6acb675f24f81bbb7be0c52acf7a17f60e73060f5c6b169675ababf3fb"",""0x5b8f02c53e9dda2bfb66df396ec862d9ff19cf2c1a4cd2657c07958e2d916b80"",""0x6e4b28d40f98a106a65163530924c0dcb40c1349d3aa915d108b4d6cfc1ddb19"",""0xe0ef6745dcea4ab4cba3becae498b32538cc26c3ed9f77ab1068d06dccfc5994"",""0xe426134e2844f64965e9ece983a7ddbe7356048e2e2244c0988da68d31ac4b0f""]",0x7de3fea83cd5ca0e1def27c3f3803af619882db51f34abf30dd04ad12ee6af31::tapos::play,5,aptos_aws_public_blockchain_sonarx
mbe_workload_record_v1,820410351,2024-05-25 15:09:00.188,0x196d0d9f3cb30f5b64af92b6dc612d65a65b2693876e61d63b17f4c7065b8954,0x7de3fea83cd5ca0e1def27c3f3803af619882db51f34abf30dd04ad12ee6af31,tapos_play,"[""0x3106178fddf89fef91a1769ffc414c72c6a80e48f50863462f6e7ffe93f45914"",""0x48ae4c6acb675f24f81bbb7be0c52acf7a17f60e73060f5c6b169675ababf3fb"",""0x6e4b28d40f98a106a65163530924c0dcb40c1349d3aa915d108b4d6cfc1ddb19"",""0x8b062f6549df9de3ddc2d076bd33aa8329ccf4b54fb8ee36170dcb352681f5eb"",""0xea5d6efb9e325fc4659a11975213479a717688751c90b665006f7f5813a38de1""]",0x7de3fea83cd5ca0e1def27c3f3803af619882db51f34abf30dd04ad12ee6af31::tapos::play,5,aptos_aws_public_blockchain_sonarx
mbe_workload_record_v1,820410353,2024-05-25 15:09:00.188,0xbd252040bae06460b627f8783267315c8c5449ea57b21e0957101dd65e5e846b,0x7de3fea83cd5ca0e1def27c3f3803af619882db51f34abf30dd04ad12ee6af31,tapos_play,"[""0x39fa117f5cc6d0eff72132a78234454a2d98b19ef40f220e5730e9dc2deff55c"",""0x48ae4c6acb675f24f81bbb7be0c52acf7a17f60e73060f5c6b169675ababf3fb"",""0x6e4b28d40f98a106a65163530924c0dcb40c1349d3aa915d108b4d6cfc1ddb19"",""0x8c0ff6f1f391e3edf0e6265a34333b3c801531c5b0df84be73b3a91ad7dfb7b4"",""0xdba75fa87d82b6052c454f656e5f4357c202f1edbcb8435a044ea8dbf0ae4d85""]",0x7de3fea83cd5ca0e1def27c3f3803af619882db51f34abf30dd04ad12ee6af31::tapos::play,5,aptos_aws_public_blockchain_sonarx
mbe_workload_record_v1,820410354,2024-05-25 15:09:00.188,0x9c6ff82fe78da99f4877a8d6ea5aabbf8cb44eaf87b311a561223e23c401725a,0x7de3fea83cd5ca0e1def27c3f3803af619882db51f34abf30dd04ad12ee6af31,tapos_play,"[""0x29e8af1ebc9695f815d131fc832807720fa2aa9777a3fef0a7377a43a8e838e7"",""0x34b67ad6eaefa276991895fb10899bd06e6dcf214c54d99830993b59548f3900"",""0x4707f829322eb2c2c5f98b4ccec7c20d18b762c48beef4d748c1a184ea293a93"",""0x48ae4c6acb675f24f81bbb7be0c52acf7a17f60e73060f5c6b169675ababf3fb"",""0x6e4b28d40f98a106a65163530924c0dcb40c1349d3aa915d108b4d6cfc1ddb19""]",0x7de3fea83cd5ca0e1def27c3f3803af619882db51f34abf30dd04ad12ee6af31::tapos::play,5,aptos_aws_public_blockchain_sonarx
mbe_workload_record_v1,820410355,2024-05-25 15:09:00.188,0xe1bc21cbdb4b769f15849b9163452fdc0d8ec87fc616d8ee6065e34df933b10d,0x7de3fea83cd5ca0e1def27c3f3803af619882db51f34abf30dd04ad12ee6af31,tapos_play,"[""0x0e5955f3973a900d810d02310dd974ffc381c0c61e8e8c8cd0be7b9bf7bd42dc"",""0x1298c74d2de95a382d576c3a39c46a556ec97ee82ee0713638b7d2cf1ec4bdb6"",""0x48ae4c6acb675f24f81bbb7be0c52acf7a17f60e73060f5c6b169675ababf3fb"",""0x6e4b28d40f98a106a65163530924c0dcb40c1349d3aa915d108b4d6cfc1ddb19"",""0xd9d3d1a14865640cce03f8332ff3de996fdfc356f1d704fb3c034935b71009a9""]",0x7de3fea83cd5ca0e1def27c3f3803af619882db51f34abf30dd04ad12ee6af31::tapos::play,5,aptos_aws_public_blockchain_sonarx
mbe_workload_record_v1,820410356,2024-05-25 15:09:00.188,0x9cb94a43269d0621855fd48b8131338149bd38ba67935c15f4f86ea589c9ac61,0x7de3fea83cd5ca0e1def27c3f3803af619882db51f34abf30dd04ad12ee6af31,tapos_play,"[""0x2884dc0dfd2e89284cb0aadd3cbef0d01364aabd747db736f3644313c2dcf63c"",""0x48ae4c6acb675f24f81bbb7be0c52acf7a17f60e73060f5c6b169675ababf3fb"",""0x5f800d88944d0f9b48860a8bdc54231b76c23f7769293545789dfb084a96869f"",""0x6e4b28d40f98a106a65163530924c0dcb40c1349d3aa915d108b4d6cfc1ddb19"",""0x81eb8b5303552aaf133da4a57e9cfb287dd74f20265f3c7d750a498cb96c63f9""]",0x7de3fea83cd5ca0e1def27c3f3803af619882db51f34abf30dd04ad12ee6af31::tapos::play,5,aptos_aws_public_blockchain_sonarx
mbe_workload_record_v1,820410357,2024-05-25 15:09:00.188,0x138db66be677946120038401410196cf7f832c5d9c270f77d5282d8bc99c241a,0x7de3fea83cd5ca0e1def27c3f3803af619882db51f34abf30dd04ad12ee6af31,tapos_play,"[""0x48ae4c6acb675f24f81bbb7be0c52acf7a17f60e73060f5c6b169675ababf3fb"",""0x6e1e2fa2f0135e8f9f6fa6d9ad5f23a458cd4931103bf2ceba19ffed0b2c7603"",""0x6e4b28d40f98a106a65163530924c0dcb40c1349d3aa915d108b4d6cfc1ddb19"",""0xb51f165f5b6051444e53f1a7b55c53ffbe2fa0f6a1796bf65f9630fe0fb296aa"",""0xf08aae1c26458b9ee5694e5ee3bbcdcdd07a31c0d2ba167c8845bbc0bb8adf8f""]",0x7de3fea83cd5ca0e1def27c3f3803af619882db51f34abf30dd04ad12ee6af31::tapos::play,5,aptos_aws_public_blockchain_sonarx
mbe_workload_record_v1,820410358,2024-05-25 15:09:00.188,0x5ab5cdff1740446d33d5f2754196fc3792d664a7015a1633185b0b76ab1221d9,0x7de3fea83cd5ca0e1def27c3f3803af619882db51f34abf30dd04ad12ee6af31,tapos_play,"[""0x48ae4c6acb675f24f81bbb7be0c52acf7a17f60e73060f5c6b169675ababf3fb"",""0x4cca7a4a1cd5274767362fb3b36d595c68d21edf4bbfcc54af70fa03f41b5871"",""0x6e4b28d40f98a106a65163530924c0dcb40c1349d3aa915d108b4d6cfc1ddb19"",""0x8175b17d05256aea400dc3da482ade6552db2abc4998b2aaf0e8ca737cb34f30"",""0xeb54d6263fffef0403836aa8c2a0266c1291624d48c3686ab1083bcdb775b94d""]",0x7de3fea83cd5ca0e1def27c3f3803af619882db51f34abf30dd04ad12ee6af31::tapos::play,5,aptos_aws_public_blockchain_sonarx
mbe_workload_record_v1,820410359,2024-05-25 15:09:00.188,0x914c31166d24f969f1f228c27f7fbead03c18221b272b66d14ce8afc401aa8f4,0x7de3fea83cd5ca0e1def27c3f3803af619882db51f34abf30dd04ad12ee6af31,tapos_play,"[""0x18d8fe067da1ec2519e0fb5738219037dc4a469cf57024453e20cac74ab35456"",""0x1b484c90329d0dfc6fe578eacb781ab07bd710863f52eba5792826b538e3ae78"",""0x2a9a328c1dbbf65d7cecfa705b2c40586a55e4dced2460202debb08c1aeb89c6"",""0x48ae4c6acb675f24f81bbb7be0c52acf7a17f60e73060f5c6b169675ababf3fb"",""0x6e4b28d40f98a106a65163530924c0dcb40c1349d3aa915d108b4d6cfc1ddb19""]",0x7de3fea83cd5ca0e1def27c3f3803af619882db51f34abf30dd04ad12ee6af31::tapos::play,5,aptos_aws_public_blockchain_sonarx
mbe_workload_record_v1,820410360,2024-05-25 15:09:00.188,0x80e43f55c994939e2b066487c075ec5c622fa37ccaef5c16dc25aeab8af4e911,0x7de3fea83cd5ca0e1def27c3f3803af619882db51f34abf30dd04ad12ee6af31,tapos_play,"[""0x48ae4c6acb675f24f81bbb7be0c52acf7a17f60e73060f5c6b169675ababf3fb"",""0x6e4b28d40f98a106a65163530924c0dcb40c1349d3aa915d108b4d6cfc1ddb19"",""0xa00805dc9b34addbbf9035a687b534b872b129c467c517ee74d9d841c08b3b6d"",""0xeaddaf5b3d4cb61659823b9c4818e832884d6e44689279fd441d438cc3c221d7"",""0xfa4b1e68b23bd0c7aaa1b97e356fa92ed3dce02d0c4bac21d237c059ec23dca8""]",0x7de3fea83cd5ca0e1def27c3f3803af619882db51f34abf30dd04ad12ee6af31::tapos::play,5,aptos_aws_public_blockchain_sonarx
mbe_workload_record_v1,820410361,2024-05-25 15:09:00.188,0xbe98060174334f769ff6aa444b8859d4c0c69109bf48a2d96329959495062130,0x7de3fea83cd5ca0e1def27c3f3803af619882db51f34abf30dd04ad12ee6af31,tapos_play,"[""0x3b15549247dc68098fb4f540104686f6d301a704d4bf2a8b3f49dfebdfeca7e1"",""0x3e091c324b871a8db0b9a02ac7cf6b86f306eb240d1975d125b01d13ca1b7e8a"",""0x48ae4c6acb675f24f81bbb7be0c52acf7a17f60e73060f5c6b169675ababf3fb"",""0x6e4b28d40f98a106a65163530924c0dcb40c1349d3aa915d108b4d6cfc1ddb19"",""0xda2015e7527b5fea28b1313dde3760ee3a362d214b8c4a25cbb905794e4d1091""]",0x7de3fea83cd5ca0e1def27c3f3803af619882db51f34abf30dd04ad12ee6af31::tapos::play,5,aptos_aws_public_blockchain_sonarx
mbe_workload_record_v1,820410362,2024-05-25 15:09:00.188,0xf98d83631ffdd6c246bb013afeb3b7cb90643d0ffc09bd5bd9b8625261a09645,0x7de3fea83cd5ca0e1def27c3f3803af619882db51f34abf30dd04ad12ee6af31,tapos_play,"[""0x0cf1f97b5e7b2d6cc142aecc51df19f7d213f6ed6609b81e2648328b406650d4"",""0x418f361ebfcb6c1a4403027ee0439cb73c4831389f6efab0e4b69f6fd0c89cc3"",""0x48ae4c6acb675f24f81bbb7be0c52acf7a17f60e73060f5c6b169675ababf3fb"",""0x6e4b28d40f98a106a65163530924c0dcb40c1349d3aa915d108b4d6cfc1ddb19"",""0xa50c37d9cdc289b362dde0b257138f68ab47b44bbcb08b0fd2aed6b116d7ff8d""]",0x7de3fea83cd5ca0e1def27c3f3803af619882db51f34abf30dd04ad12ee6af31::tapos::play,5,aptos_aws_public_blockchain_sonarx
mbe_workload_record_v1,820410363,2024-05-25 15:09:00.188,0xa9e8b93732596cea0f25de4ac6170669683339fc6003bd65fcadc38de6828d47,0x7de3fea83cd5ca0e1def27c3f3803af619882db51f34abf30dd04ad12ee6af31,tapos_play,"[""0x48ae4c6acb675f24f81bbb7be0c52acf7a17f60e73060f5c6b169675ababf3fb"",""0x5b4e85ebae0987ca6f12b355fc72411d07f1bcb3e532ee9378d7914ea7848fef"",""0x6e4b28d40f98a106a65163530924c0dcb40c1349d3aa915d108b4d6cfc1ddb19"",""0x9d7d0ec57ba1811f1d1fe6529b9524e6125aefa4000aa9985c7d6fddafd65454"",""0xfa3134c9b63b29169762018df0f1b5c05426aa8f17bd666af1e40fc39d9d8e62""]",0x7de3fea83cd5ca0e1def27c3f3803af619882db51f34abf30dd04ad12ee6af31::tapos::play,5,aptos_aws_public_blockchain_sonarx
mbe_workload_record_v1,820410364,2024-05-25 15:09:00.188,0x76c70c170526c77d5f87821a94230f2061682b7cbea754bb7f03beffb675da2d,0x7de3fea83cd5ca0e1def27c3f3803af619882db51f34abf30dd04ad12ee6af31,tapos_play,"[""0x48ae4c6acb675f24f81bbb7be0c52acf7a17f60e73060f5c6b169675ababf3fb"",""0x4dca2a7cb05208eb206e542428583513465ae7969de125f571cbf6fafbc15105"",""0x6d8ac24cd3f7eb6cce78aaf97b960bbd1bbac703358d066924d8bdfada07959c"",""0x6e4b28d40f98a106a65163530924c0dcb40c1349d3aa915d108b4d6cfc1ddb19"",""0x9f19b25152f242e5ccb8f439c944335b91361c25c129f2c123c484a6f5832930""]",0x7de3fea83cd5ca0e1def27c3f3803af619882db51f34abf30dd04ad12ee6af31::tapos::play,5,aptos_aws_public_blockchain_sonarx
mbe_workload_record_v1,820410365,2024-05-25 15:09:00.188,0x9836716ee3441455219298bcc80c9f1e19d546f8dc68d82ffb8ea75ab818ae15,0x7de3fea83cd5ca0e1def27c3f3803af619882db51f34abf30dd04ad12ee6af31,tapos_play,"[""0x188c6d85476acd8707f7e333ef308d0e2f1dd6bb8713bb9e72fced1eb2b0f023"",""0x48ae4c6acb675f24f81bbb7be0c52acf7a17f60e73060f5c6b169675ababf3fb"",""0x63bf34e6bdece6e70ec01210d10c0384b57c5e946a9e9f8a149ba658528cf10a"",""0x6a9596a65cf64f95b1713200d43d5e5cc6144f19fd0f5fffea55598a0e85fd13"",""0x6e4b28d40f98a106a65163530924c0dcb40c1349d3aa915d108b4d6cfc1ddb19""]",0x7de3fea83cd5ca0e1def27c3f3803af619882db51f34abf30dd04ad12ee6af31::tapos::play,5,aptos_aws_public_blockchain_sonarx
mbe_workload_record_v1,820410366,2024-05-25 15:09:00.188,0x8afadaf84df3f5bb4f52bb665bb4e8763d97bf0fba3f086c300f74694a29854d,0x7de3fea83cd5ca0e1def27c3f3803af619882db51f34abf30dd04ad12ee6af31,tapos_play,"[""0x11acd05453514fa05870e3db25e56899423af09b560263db7084a8696f6e1ad4"",""0x48ae4c6acb675f24f81bbb7be0c52acf7a17f60e73060f5c6b169675ababf3fb"",""0x6e4b28d40f98a106a65163530924c0dcb40c1349d3aa915d108b4d6cfc1ddb19"",""0xae84d5cf1e483f1de1500fd505b7abc9b5f5f80d28888e1991d12a31147b09b0"",""0xf3730d9c15aba434d2d8027406b0f1cfa1e870c65604d8d38adf5c869672bb86""]",0x7de3fea83cd5ca0e1def27c3f3803af619882db51f34abf30dd04ad12ee6af31::tapos::play,5,aptos_aws_public_blockchain_sonarx
mbe_workload_record_v1,820410367,2024-05-25 15:09:00.188,0x882559238f559a4704c028fd84d41ac4aa382806d9dc89d204abad90ffee880c,0x7de3fea83cd5ca0e1def27c3f3803af619882db51f34abf30dd04ad12ee6af31,tapos_play,"[""0x0e5695ce868c9a0180020b4edc6a76ef4bd3244205a8e49d62601546003168ca"",""0x48ae4c6acb675f24f81bbb7be0c52acf7a17f60e73060f5c6b169675ababf3fb"",""0x6e4b28d40f98a106a65163530924c0dcb40c1349d3aa915d108b4d6cfc1ddb19"",""0x7d2cabd9d6db6b4539bce3a9aaded3cfdd71a6e9f0ed7bcc14457796302641bc"",""0xe5d507cdb37af2dd7b4fffedb7e27eee47938d1dcb584eff54dbbe8886806e31""]",0x7de3fea83cd5ca0e1def27c3f3803af619882db51f34abf30dd04ad12ee6af31::tapos::play,5,aptos_aws_public_blockchain_sonarx
mbe_workload_record_v1,820410368,2024-05-25 15:09:00.188,0x4b651053842085a53bee75716256b34b900464d8df32e56cbc1f5aec1c4495a9,0x7de3fea83cd5ca0e1def27c3f3803af619882db51f34abf30dd04ad12ee6af31,tapos_play,"[""0x0d9fdbd43fa54ad8ebc2a5f1746d289d40b444a454bb7ccd7662aa3578888beb"",""0x35dc29162f764b0d933a637c609db0597c5560e89c52d23262f3f107833e062a"",""0x48ae4c6acb675f24f81bbb7be0c52acf7a17f60e73060f5c6b169675ababf3fb"",""0x6e4b28d40f98a106a65163530924c0dcb40c1349d3aa915d108b4d6cfc1ddb19"",""0xa4c1b0adeed2e2cb7b226f37168f18aec69a260b78eee1ece15fdfc0fa37eb05""]",0x7de3fea83cd5ca0e1def27c3f3803af619882db51f34abf30dd04ad12ee6af31::tapos::play,5,aptos_aws_public_blockchain_sonarx
mbe_workload_record_v1,820410369,2024-05-25 15:09:00.188,0x361eb6afb419466b4df40e162df46a4f56b090857672f06e17b7aff077a7ea4c,0x7de3fea83cd5ca0e1def27c3f3803af619882db51f34abf30dd04ad12ee6af31,tapos_play,"[""0x3ad54e993f07895bbc6ede93a208df32c2a4262df151eaf0459b85990600be7b"",""0x48ae4c6acb675f24f81bbb7be0c52acf7a17f60e73060f5c6b169675ababf3fb"",""0x5e15488056b414a71aea1d425d63cb2aee17340eec73b22dd1b7fd185268c8d3"",""0x6e4b28d40f98a106a65163530924c0dcb40c1349d3aa915d108b4d6cfc1ddb19"",""0xa943d52c21c781146dbc5044961ec3cc59fd04b762853fe1b550984a2c49060a""]",0x7de3fea83cd5ca0e1def27c3f3803af619882db51f34abf30dd04ad12ee6af31::tapos::play,5,aptos_aws_public_blockchain_sonarx
mbe_workload_record_v1,820410370,2024-05-25 15:09:00.188,0x35fdc52d15f32bcd6740f7d374e0cddc8705e0ed87b4ffac5511f6d0cfabfa44,0x7de3fea83cd5ca0e1def27c3f3803af619882db51f34abf30dd04ad12ee6af31,tapos_play,"[""0x0a05ad0702e73d8bf1e9866a78d0b8acda301753bcefc4abdc39e46c7df293ba"",""0x4006ae2db7d585ff0c9cba953bfbdf6fb56a41c88ba2c6da728a95d21826b44c"",""0x48ae4c6acb675f24f81bbb7be0c52acf7a17f60e73060f5c6b169675ababf3fb"",""0x6e4b28d40f98a106a65163530924c0dcb40c1349d3aa915d108b4d6cfc1ddb19"",""0xd2077ac79f34ff202ea05f3ff1893ec782b9244d00899ecee806eedd61c00ac5""]",0x7de3fea83cd5ca0e1def27c3f3803af619882db51f34abf30dd04ad12ee6af31::tapos::play,5,aptos_aws_public_blockchain_sonarx
mbe_workload_record_v1,820410371,2024-05-25 15:09:00.188,0xf88e8ba2e83a7318f9023868b9b426844fdbcda1176acb0381db777deb25ceca,0x7de3fea83cd5ca0e1def27c3f3803af619882db51f34abf30dd04ad12ee6af31,tapos_play,"[""0x48ae4c6acb675f24f81bbb7be0c52acf7a17f60e73060f5c6b169675ababf3fb"",""0x6e4b28d40f98a106a65163530924c0dcb40c1349d3aa915d108b4d6cfc1ddb19"",""0xa2a4c43793829fb92b384855ab870b77fa4a85dd7541c66fdfba0831c26ca121"",""0xbaca19217dd984b067d4b2b48b74e5ee9d475c7935a5b94d8aaf9730745bcf0e"",""0xda5d3e0537a3c37d0c86ea15e252e68869e0f80b2e4e826cccd9239f95732650""]",0x7de3fea83cd5ca0e1def27c3f3803af619882db51f34abf30dd04ad12ee6af31::tapos::play,5,aptos_aws_public_blockchain_sonarx
mbe_workload_record_v1,820410372,2024-05-25 15:09:00.188,0x3b843b4ea4611d89822965baae1446c0080c524dc08418859da70e4712dbc74f,0x7de3fea83cd5ca0e1def27c3f3803af619882db51f34abf30dd04ad12ee6af31,tapos_play,"[""0x0441f43113d8bbf8b63a01aa91b4823a8460cd3f1d8dea6976b51a5292f55070"",""0x41f0209bcf594bca401f1f8889c9081f93d7444c9c01bb6576c00c17f746e2f5"",""0x48ae4c6acb675f24f81bbb7be0c52acf7a17f60e73060f5c6b169675ababf3fb"",""0x6e4b28d40f98a106a65163530924c0dcb40c1349d3aa915d108b4d6cfc1ddb19"",""0xef4fa2329ac4647d213d3b607b5d82f40c8a953a702e235a9791962c6d94023e""]",0x7de3fea83cd5ca0e1def27c3f3803af619882db51f34abf30dd04ad12ee6af31::tapos::play,5,aptos_aws_public_blockchain_sonarx
mbe_workload_record_v1,820410373,2024-05-25 15:09:00.188,0xd2be7d28002cb29ad6b371677fc77a70c951818504a075a843c6b57a89d189d7,0x7de3fea83cd5ca0e1def27c3f3803af619882db51f34abf30dd04ad12ee6af31,tapos_play,"[""0x39b566bffcf94a223dd1f6011f4492f53c0e5e64723819973974540e5bd99714"",""0x3f9e43aeda7491f7f28faf6c301fca29b5ca6ecb1c811f5bc5df310e3a007203"",""0x48ae4c6acb675f24f81bbb7be0c52acf7a17f60e73060f5c6b169675ababf3fb"",""0x6e4b28d40f98a106a65163530924c0dcb40c1349d3aa915d108b4d6cfc1ddb19"",""0xef0b4e739a1b8e9fb176704e6ccdca32c5f4288997c52843841c796f0a4e1542""]",0x7de3fea83cd5ca0e1def27c3f3803af619882db51f34abf30dd04ad12ee6af31::tapos::play,5,aptos_aws_public_blockchain_sonarx
mbe_workload_record_v1,820410374,2024-05-25 15:09:00.188,0xa4210def5e260f2d09be9ec43510ab70f3e3b2009056a73243b886ed36d21e2c,0x7de3fea83cd5ca0e1def27c3f3803af619882db51f34abf30dd04ad12ee6af31,tapos_play,"[""0x17054fb8b5ac1cb06ccec9a5220c07ac3f96796063d3e5c2b1fd9e226977607a"",""0x48ae4c6acb675f24f81bbb7be0c52acf7a17f60e73060f5c6b169675ababf3fb"",""0x6e4b28d40f98a106a65163530924c0dcb40c1349d3aa915d108b4d6cfc1ddb19"",""0x7f30ff315b35b193c69a8585c2473ca41733e4031e0b9b2e02fd859d207f5133"",""0xea025750b1aa3da0f52509948137ec84cdb8716a57f0f831ad5bd8c0951f83ce""]",0x7de3fea83cd5ca0e1def27c3f3803af619882db51f34abf30dd04ad12ee6af31::tapos::play,5,aptos_aws_public_blockchain_sonarx
mbe_workload_record_v1,820410375,2024-05-25 15:09:00.188,0x8ddb1603a0f128e083edc0d0f623f9088e78350ef90d7746df8a0d2fda78b65d,0x7de3fea83cd5ca0e1def27c3f3803af619882db51f34abf30dd04ad12ee6af31,tapos_play,"[""0x078167df203826226e123d909488b02f82030d5886d20a0a69d6d29dcb8f632a"",""0x48ae4c6acb675f24f81bbb7be0c52acf7a17f60e73060f5c6b169675ababf3fb"",""0x5d30e4138b59a442c55cb9820212ff79e4f6375fa6a964fe46ceaf3a7433f993"",""0x6e4b28d40f98a106a65163530924c0dcb40c1349d3aa915d108b4d6cfc1ddb19"",""0x78ff5c096d9daa657eade3e0c6875e10e33f2eebd9a54a5a8daa6a251c12c1f4""]",0x7de3fea83cd5ca0e1def27c3f3803af619882db51f34abf30dd04ad12ee6af31::tapos::play,5,aptos_aws_public_blockchain_sonarx
mbe_workload_record_v1,820410376,2024-05-25 15:09:00.188,0x8ac34c5aa0c8b457b7168be3db990ea6838d1889ae06476b8a0e6357d5b09128,0x7de3fea83cd5ca0e1def27c3f3803af619882db51f34abf30dd04ad12ee6af31,tapos_play,"[""0x3b816c6b6e294498057b442ba46a9af576ac7f8cb2b1ed56d5b3baa7fe105c71"",""0x48ae4c6acb675f24f81bbb7be0c52acf7a17f60e73060f5c6b169675ababf3fb"",""0x6e4b28d40f98a106a65163530924c0dcb40c1349d3aa915d108b4d6cfc1ddb19"",""0x76ca4efb1a703c5b67dd6607d404a02ad657e99d0ddd9a2a98efb46f713a7167"",""0x7d5d5ad600c1785fa8b3f3cbf084c480a81d93ce5b6469b9daf4fa58e2c80264""]",0x7de3fea83cd5ca0e1def27c3f3803af619882db51f34abf30dd04ad12ee6af31::tapos::play,5,aptos_aws_public_blockchain_sonarx
mbe_workload_record_v1,820410377,2024-05-25 15:09:00.188,0x1a0e9fb0bfb063e4795cadd0a05cf95269a9cc33abe986e4d259e8e9bbd9269d,0x7de3fea83cd5ca0e1def27c3f3803af619882db51f34abf30dd04ad12ee6af31,tapos_play,"[""0x016e4d6dbfaa292fc85f01b6c9650151ca975367f4ace650040568a56c582964"",""0x48ae4c6acb675f24f81bbb7be0c52acf7a17f60e73060f5c6b169675ababf3fb"",""0x6e4b28d40f98a106a65163530924c0dcb40c1349d3aa915d108b4d6cfc1ddb19"",""0xf9fe2e0a310662ef110496d1d27791d72de9fb49238b01c1ab305bc5e864fa3e"",""0xfd5b850d6779c8a7981159a1a176eecb211ec0eb87f14acb677559197dde2d45""]",0x7de3fea83cd5ca0e1def27c3f3803af619882db51f34abf30dd04ad12ee6af31::tapos::play,5,aptos_aws_public_blockchain_sonarx
mbe_workload_record_v1,820410378,2024-05-25 15:09:00.188,0x3bead6f1095cdc199ad8ecef4cae6f44c4f25a24da637e37d6764df8480acaf7,0x7de3fea83cd5ca0e1def27c3f3803af619882db51f34abf30dd04ad12ee6af31,tapos_play,"[""0x31bd3911fa4a7402a6b8454b772e59652cec6c95e0f21ce3f2046677d12e82f7"",""0x48ae4c6acb675f24f81bbb7be0c52acf7a17f60e73060f5c6b169675ababf3fb"",""0x6e4b28d40f98a106a65163530924c0dcb40c1349d3aa915d108b4d6cfc1ddb19"",""0xabe2db5e9681ac5423708a10f9bc085f909f62ac097939baa628c50562497497"",""0xfc38b5e27ced2f8c545dc352c0de91bcdbb444723e26ee2277c508cac827d5c0""]",0x7de3fea83cd5ca0e1def27c3f3803af619882db51f34abf30dd04ad12ee6af31::tapos::play,5,aptos_aws_public_blockchain_sonarx
mbe_workload_record_v1,820410379,2024-05-25 15:09:00.188,0xea93b081c2eec4914245b20b9735507149da6a0482bf8744707a58465a857c1c,0x7de3fea83cd5ca0e1def27c3f3803af619882db51f34abf30dd04ad12ee6af31,tapos_play,"[""0x062db9a1db2bc7dc3723663f578fdb9b988e115e583d379bc43c6ef8141c8699"",""0x48ae4c6acb675f24f81bbb7be0c52acf7a17f60e73060f5c6b169675ababf3fb"",""0x6e4b28d40f98a106a65163530924c0dcb40c1349d3aa915d108b4d6cfc1ddb19"",""0x8149df57db4cf10be8e632e27e0b855cf04b769271fb7e8d29398db74eba78ef"",""0x980805402063571ae74d59f1704cfabb21427f8602fbac06cff272c7857bf02b""]",0x7de3fea83cd5ca0e1def27c3f3803af619882db51f34abf30dd04ad12ee6af31::tapos::play,5,aptos_aws_public_blockchain_sonarx
mbe_workload_record_v1,820410380,2024-05-25 15:09:00.188,0xc81b1a13f5a36b2faaa7015500fa6a1d5d4d0c110fbf2ff6dcbf3e9d5e28f4b1,0x7de3fea83cd5ca0e1def27c3f3803af619882db51f34abf30dd04ad12ee6af31,tapos_play,"[""0x0892746917290c884ad0063980ffc7ae642a2abad5915ac656819f83c805d18e"",""0x48ae4c6acb675f24f81bbb7be0c52acf7a17f60e73060f5c6b169675ababf3fb"",""0x6e4b28d40f98a106a65163530924c0dcb40c1349d3aa915d108b4d6cfc1ddb19"",""0x8fda8f70638b4e54fe8e1530a630a6167981570fda54b5205b714a3d500d1d48"",""0xced04155ef0f8236d1051d7b3240c35e29a157bd93dd7a77ff14abd003f523d7""]",0x7de3fea83cd5ca0e1def27c3f3803af619882db51f34abf30dd04ad12ee6af31::tapos::play,5,aptos_aws_public_blockchain_sonarx
mbe_workload_record_v1,820410381,2024-05-25 15:09:00.188,0xe7e04410960605b28f4030e05009f5c7be37dbccf71b54c5d89edb0ca4ed5b80,0x7de3fea83cd5ca0e1def27c3f3803af619882db51f34abf30dd04ad12ee6af31,tapos_play,"[""0x252fb8b745a0c436853b07c5a096802e2fc69735dbaa695254dc998b4814150c"",""0x48ae4c6acb675f24f81bbb7be0c52acf7a17f60e73060f5c6b169675ababf3fb"",""0x6e4b28d40f98a106a65163530924c0dcb40c1349d3aa915d108b4d6cfc1ddb19"",""0xac606a269838f9b376b20bafb0695e76db016dfdbbad849037cd915ae7390374"",""0xbcb37053d51146c6f52d103a605e321888038c8b4c859e1751bc92c7d920540a""]",0x7de3fea83cd5ca0e1def27c3f3803af619882db51f34abf30dd04ad12ee6af31::tapos::play,5,aptos_aws_public_blockchain_sonarx
mbe_workload_record_v1,820410382,2024-05-25 15:09:00.188,0x3f466514007e71d0e9bc612b29957b4dde977adeadb4ce7302ade0a054e73a00,0x7de3fea83cd5ca0e1def27c3f3803af619882db51f34abf30dd04ad12ee6af31,tapos_play,"[""0x38b21b96f039c613c3d58a95d1165e0bd9ebacab07ba688b474f30f1601c9d01"",""0x48ae4c6acb675f24f81bbb7be0c52acf7a17f60e73060f5c6b169675ababf3fb"",""0x6e4b28d40f98a106a65163530924c0dcb40c1349d3aa915d108b4d6cfc1ddb19"",""0x9cc7be58f6319610264fa2e142273682a220e675080028d3746bd575231eaafd"",""0xe67a70d6d28aeadc0672ed072f3d9502e61e17ad5e6330e16dc32546f6477931""]",0x7de3fea83cd5ca0e1def27c3f3803af619882db51f34abf30dd04ad12ee6af31::tapos::play,5,aptos_aws_public_blockchain_sonarx
mbe_workload_record_v1,820410383,2024-05-25 15:09:00.188,0xdec212b989c87ae45c4f8ec9e0ae76180ffdfa7aa2fdac2486ee98d1d6dd8e87,0x7de3fea83cd5ca0e1def27c3f3803af619882db51f34abf30dd04ad12ee6af31,tapos_play,"[""0x0081be864119481fa32b773372757414fc8397c70509895b2488f2100edf7765"",""0x04a0aceeb9c11948c8eafc4d444b00786ba8cbb3391f6d173a416ad443b6ee01"",""0x48ae4c6acb675f24f81bbb7be0c52acf7a17f60e73060f5c6b169675ababf3fb"",""0x6e4b28d40f98a106a65163530924c0dcb40c1349d3aa915d108b4d6cfc1ddb19"",""0x908d43149d0f79af9112029574c7fc80ee34de3667b707f35dfb15efa9a1dfe8""]",0x7de3fea83cd5ca0e1def27c3f3803af619882db51f34abf30dd04ad12ee6af31::tapos::play,5,aptos_aws_public_blockchain_sonarx
mbe_workload_record_v1,820410384,2024-05-25 15:09:00.188,0x7f57da40a504df5219e35550d93a7ac35bab12000a6535d6afbf05ce127e17d5,0x7de3fea83cd5ca0e1def27c3f3803af619882db51f34abf30dd04ad12ee6af31,tapos_play,"[""0x48ae4c6acb675f24f81bbb7be0c52acf7a17f60e73060f5c6b169675ababf3fb"",""0x5ec5e417144d78fe8b6f2127fee3f8ff31cef98a043e93fdf739aa0f16a89644"",""0x6e4b28d40f98a106a65163530924c0dcb40c1349d3aa915d108b4d6cfc1ddb19"",""0xa42e8ac633f9cac2aa5e28c4c68de391b0c480c6ce10f40db4cd2e3679226cf8"",""0xd8447e1cd0d93f88447636f839fea31d6475a662e8d60fb633a3f1aaf4cc874c""]",0x7de3fea83cd5ca0e1def27c3f3803af619882db51f34abf30dd04ad12ee6af31::tapos::play,5,aptos_aws_public_blockchain_sonarx
mbe_workload_record_v1,820410385,2024-05-25 15:09:00.188,0xee6db7901c96bdb3085919c9096ccfbac86c90a730aecaa97fcd81612f1efbe4,0x7de3fea83cd5ca0e1def27c3f3803af619882db51f34abf30dd04ad12ee6af31,tapos_play,"[""0x48ae4c6acb675f24f81bbb7be0c52acf7a17f60e73060f5c6b169675ababf3fb"",""0x6e4b28d40f98a106a65163530924c0dcb40c1349d3aa915d108b4d6cfc1ddb19"",""0x7dbfdbfb7743d893a7bff28c1363ebb51055fce704cf9f429d85ef51ad47a054"",""0xd85f22fc712cf65d6e1569bb9dcc451631e7c6b035ba3b6fbaa27ad3563aeeb7"",""0xf7c06b28da6543b54c57612671590d7f62e1da7c8c06f9e86c912ef10e19d11f""]",0x7de3fea83cd5ca0e1def27c3f3803af619882db51f34abf30dd04ad12ee6af31::tapos::play,5,aptos_aws_public_blockchain_sonarx
mbe_workload_record_v1,820410386,2024-05-25 15:09:00.188,0x4b32195f5c3e5e4a8fb926f73d37504cbbd6b60f794b42ae9cfedc66501937fd,0x7de3fea83cd5ca0e1def27c3f3803af619882db51f34abf30dd04ad12ee6af31,tapos_play,"[""0x136660165bbae8f8dd67c162abddb9f9d23a2912ec559b1d6d62a9c5ae52b69f"",""0x48ae4c6acb675f24f81bbb7be0c52acf7a17f60e73060f5c6b169675ababf3fb"",""0x646ad7223841871b504a87c31d6e933525c5018c6b6598c1c006cb2383d893d3"",""0x6e4b28d40f98a106a65163530924c0dcb40c1349d3aa915d108b4d6cfc1ddb19"",""0x956692b5f33958ec3a5bd650aa942b209b3beebb0543975993c0d44ee64ec604""]",0x7de3fea83cd5ca0e1def27c3f3803af619882db51f34abf30dd04ad12ee6af31::tapos::play,5,aptos_aws_public_blockchain_sonarx
mbe_workload_record_v1,820410387,2024-05-25 15:09:00.188,0x9c6ff82fe78da99f4877a8d6ea5aabbf8cb44eaf87b311a561223e23c401725a,0x7de3fea83cd5ca0e1def27c3f3803af619882db51f34abf30dd04ad12ee6af31,tapos_play,"[""0x29e8af1ebc9695f815d131fc832807720fa2aa9777a3fef0a7377a43a8e838e7"",""0x34b67ad6eaefa276991895fb10899bd06e6dcf214c54d99830993b59548f3900"",""0x4707f829322eb2c2c5f98b4ccec7c20d18b762c48beef4d748c1a184ea293a93"",""0x48ae4c6acb675f24f81bbb7be0c52acf7a17f60e73060f5c6b169675ababf3fb"",""0x6e4b28d40f98a106a65163530924c0dcb40c1349d3aa915d108b4d6cfc1ddb19""]",0x7de3fea83cd5ca0e1def27c3f3803af619882db51f34abf30dd04ad12ee6af31::tapos::play,5,aptos_aws_public_blockchain_sonarx
mbe_workload_record_v1,820410388,2024-05-25 15:09:00.188,0x6dccabfa9b424ed0b18956edfcb99a480bab90a878021a79a78e212d3601e1cd,0x7de3fea83cd5ca0e1def27c3f3803af619882db51f34abf30dd04ad12ee6af31,tapos_play,"[""0x0e74f532dc2762bbea80da13755919662a748e02a3bbcbca7858bea4e6ac4c75"",""0x3c594307b3e84bf19659ec8aa42a764bdeb716e43998e1e57dea1bbaf07405b1"",""0x48ae4c6acb675f24f81bbb7be0c52acf7a17f60e73060f5c6b169675ababf3fb"",""0x6e4b28d40f98a106a65163530924c0dcb40c1349d3aa915d108b4d6cfc1ddb19"",""0xf62c83a4b38bf515031cb7d056bd6d98f294121f17a04649418dc1b1694e2a6d""]",0x7de3fea83cd5ca0e1def27c3f3803af619882db51f34abf30dd04ad12ee6af31::tapos::play,5,aptos_aws_public_blockchain_sonarx
mbe_workload_record_v1,820410389,2024-05-25 15:09:00.188,0xb494947416936474ddbda16d7dcebd34804e4a61e58a4c767f9ecd5d716a9720,0x7de3fea83cd5ca0e1def27c3f3803af619882db51f34abf30dd04ad12ee6af31,tapos_play,"[""0x06f6cc58c43e026e93390f461e8165fdca29c380c8c4a8953997fbadc7ce17f4"",""0x48ae4c6acb675f24f81bbb7be0c52acf7a17f60e73060f5c6b169675ababf3fb"",""0x6e4b28d40f98a106a65163530924c0dcb40c1349d3aa915d108b4d6cfc1ddb19"",""0xc15e860ccc9052cd26860d0ffeddc71162739c297b6c6d4f17cbcddb0cd26634"",""0xfe9a47dde15616d6d3b6af2d465887ffd42e5dbad0127608f9c80266a3b6d367""]",0x7de3fea83cd5ca0e1def27c3f3803af619882db51f34abf30dd04ad12ee6af31::tapos::play,5,aptos_aws_public_blockchain_sonarx
mbe_workload_record_v1,820410390,2024-05-25 15:09:00.188,0x138db66be677946120038401410196cf7f832c5d9c270f77d5282d8bc99c241a,0x7de3fea83cd5ca0e1def27c3f3803af619882db51f34abf30dd04ad12ee6af31,tapos_play,"[""0x48ae4c6acb675f24f81bbb7be0c52acf7a17f60e73060f5c6b169675ababf3fb"",""0x6e1e2fa2f0135e8f9f6fa6d9ad5f23a458cd4931103bf2ceba19ffed0b2c7603"",""0x6e4b28d40f98a106a65163530924c0dcb40c1349d3aa915d108b4d6cfc1ddb19"",""0xb51f165f5b6051444e53f1a7b55c53ffbe2fa0f6a1796bf65f9630fe0fb296aa"",""0xf08aae1c26458b9ee5694e5ee3bbcdcdd07a31c0d2ba167c8845bbc0bb8adf8f""]",0x7de3fea83cd5ca0e1def27c3f3803af619882db51f34abf30dd04ad12ee6af31::tapos::play,5,aptos_aws_public_blockchain_sonarx
mbe_workload_record_v1,820410391,2024-05-25 15:09:00.188,0x5ab5cdff1740446d33d5f2754196fc3792d664a7015a1633185b0b76ab1221d9,0x7de3fea83cd5ca0e1def27c3f3803af619882db51f34abf30dd04ad12ee6af31,tapos_play,"[""0x48ae4c6acb675f24f81bbb7be0c52acf7a17f60e73060f5c6b169675ababf3fb"",""0x4cca7a4a1cd5274767362fb3b36d595c68d21edf4bbfcc54af70fa03f41b5871"",""0x6e4b28d40f98a106a65163530924c0dcb40c1349d3aa915d108b4d6cfc1ddb19"",""0x8175b17d05256aea400dc3da482ade6552db2abc4998b2aaf0e8ca737cb34f30"",""0xeb54d6263fffef0403836aa8c2a0266c1291624d48c3686ab1083bcdb775b94d""]",0x7de3fea83cd5ca0e1def27c3f3803af619882db51f34abf30dd04ad12ee6af31::tapos::play,5,aptos_aws_public_blockchain_sonarx
